User_ID,Income,Expense,Savings,Debt_Payment,Transaction_Count,Savings_Ratio,Debt_Burden,Spending_Ratio
U1000,45795,31698,14097,10357,97,0.30782836554208975,0.22616006114204606,0.6921716344579103
U1001,30860,12799,18061,17154,21,0.5852559948152949,0.5558651976668827,0.4147440051847051
U1002,133694,78497,55197,4363,138,0.41286071177464956,0.03263422442293596,0.5871392882253504
U1003,149879,90701,59178,10176,56,0.39483850305913437,0.06789476844654688,0.6051614969408656
U1004,140268,124057,16211,17461,88,0.11557162004163458,0.12448313228961702,0.8844283799583654
U1005,106820,74824,31996,8427,60,0.2995319228608875,0.0788897210260251,0.7004680771391125
U1006,84886,42046,42840,8580,81,0.5046768607308626,0.10107673821360413,0.49532313926913746
U1007,36265,22034,14231,4858,79,0.3924169309251344,0.13395836205707984,0.6075830690748656
U1008,112386,92805,19581,10040,144,0.17422988628476857,0.08933497054793302,0.8257701137152315
U1009,67194,30963,36231,19198,130,0.5391999285650505,0.2857100336339554,0.46080007143494955
U1010,117498,91707,25791,19758,33,0.21950160853801767,0.16815605372006331,0.7804983914619823
U1011,142727,88346,54381,15254,103,0.38101410384860607,0.10687536345610851,0.6189858961513939
U1012,74131,33406,40725,11470,149,0.5493653127571462,0.1547260929975314,0.4506346872428539
U1013,90263,66179,24084,1252,89,0.26682029181392153,0.013870578199262157,0.7331797081860785
U1014,46023,26624,19399,6996,142,0.42150663798535515,0.15201095104621604,0.5784933620146449
U1015,71090,38630,32460,12173,108,0.4566043044028696,0.17123364748909833,0.5433956955971304
U1016,97221,51541,45680,4673,47,0.4698573353493587,0.04806574711224941,0.5301426646506413
U1017,94820,68613,26207,15781,85,0.2763868382197849,0.16643113267243198,0.7236131617802152
U1018,30769,14269,16500,13051,24,0.5362540219051642,0.424160681205109,0.4637459780948357
U1019,89735,56357,33378,6881,64,0.37196188778068756,0.07668133949963782,0.6280381122193124
U1020,92955,67422,25533,6949,66,0.27468129740196867,0.07475660265719972,0.7253187025980313
U1021,94925,70011,24914,9521,50,0.2624598367131946,0.1003002370292336,0.7375401632868054
U1022,97969,44502,53467,8017,29,0.5457542692076065,0.0818320080841899,0.4542457307923935
U1023,35311,15617,19694,6941,137,0.5577298858712583,0.19656764181133357,0.44227011412874173
U1024,133355,89523,43832,10209,33,0.3286865884293802,0.07655505980278204,0.6713134115706197
U1025,134724,65011,69713,17715,99,0.5174504913749591,0.13149104836554734,0.4825495086250408
U1026,113104,58212,54892,9550,112,0.4853232423256472,0.08443556372895741,0.5146767576743528
U1027,83707,42764,40943,4637,29,0.4891227734836991,0.055395606102237566,0.5108772265163009
U1028,115305,92751,22554,4854,95,0.19560296604657212,0.04209704696240406,0.8043970339534279
U1029,58693,27532,31161,19561,113,0.5309151006082498,0.33327654064368833,0.4690848993917503
U1030,101932,89988,11944,10320,124,0.11717615665345524,0.10124396656594592,0.8828238433465447
U1031,123016,58489,64527,18564,20,0.5245415230539117,0.15090719906353645,0.47545847694608834
U1032,136970,111986,24984,4892,39,0.18240490618383587,0.035715850186172154,0.8175950938161641
U1033,55658,34487,21171,7043,27,0.38037658557619747,0.12654065902475833,0.6196234144238025
U1034,114478,50300,64178,16521,20,0.5606142664966194,0.1443159384335855,0.43938573350338056
U1035,48431,33328,15103,19856,76,0.3118457186512771,0.4099853399682022,0.6881542813487229
U1036,32747,12602,20145,19216,83,0.6151708553455278,0.5868018444437658,0.38482914465447216
U1037,89150,49221,39929,19963,137,0.4478855860908581,0.22392596747055524,0.5521144139091418
U1038,95725,53887,41838,4164,47,0.43706450770436145,0.04349960825280752,0.5629354922956386
U1039,114654,83031,31623,7941,140,0.2758124443979277,0.0692605578523209,0.7241875556020724
U1040,65773,59149,6624,14388,126,0.10071001778845423,0.21875237559484895,0.8992899822115458
U1041,149346,92874,56472,5569,68,0.37812864087421155,0.037289247787018066,0.6218713591257884
U1042,97435,45274,52161,4300,139,0.5353415097244316,0.044131985426181554,0.4646584902755683
U1043,86886,46800,40086,6269,63,0.4613631655272426,0.07215201528439565,0.5386368344727575
U1044,96803,37148,59655,3818,75,0.6162515624515769,0.0394409264175697,0.3837484375484231
U1045,61551,47709,13842,12015,130,0.22488667933908466,0.1952039771896476,0.7751133206609153
U1046,146216,72487,73729,12234,127,0.5042471412157357,0.0836707337090332,0.4957528587842644
U1047,41394,33477,7917,18290,133,0.19125960284099144,0.4418514760593323,0.8087403971590086
U1048,99092,78861,20231,6254,97,0.204163807370928,0.06311306664513786,0.795836192629072
U1049,33890,17767,16123,17144,149,0.47574505753909707,0.5058719386249632,0.5242549424609029
U1050,71606,42359,29247,7350,56,0.4084434265285032,0.10264502974611066,0.5915565734714968
U1051,126276,46207,80069,15183,39,0.6340793183186036,0.12023662453672906,0.3659206816813963
U1052,110038,89107,20931,6238,45,0.19021610716298007,0.056689507261127974,0.8097838928370199
U1053,117313,95757,21556,6090,48,0.18374775174106878,0.05191240527477773,0.8162522482589313
U1054,40627,25465,15162,11637,20,0.3732000886110222,0.2864351293474783,0.6267999113889777
U1055,38792,27367,11425,12647,138,0.2945194885543411,0.3260208290369148,0.7054805114456589
U1056,138859,60338,78521,9911,54,0.5654728897658776,0.07137455980527009,0.4345271102341224
U1057,138557,95992,42565,8472,78,0.3072020901145377,0.06114451092330232,0.6927979098854623
U1058,103969,47509,56460,18271,88,0.5430464850099549,0.17573507487808865,0.4569535149900451
U1059,73001,34317,38684,3266,31,0.5299105491705594,0.04473911316283338,0.4700894508294407
U1060,106552,60145,46407,666,39,0.4355338238606502,0.006250469254448532,0.5644661761393498
U1061,53897,32566,21331,4188,62,0.39577341967085367,0.07770376829879214,0.6042265803291463
U1062,98148,35280,62868,17055,145,0.6405428536495904,0.17376818681990464,0.3594571463504096
U1063,53483,30670,22813,10161,69,0.4265467531739057,0.18998560290185668,0.5734532468260942
U1064,78555,53533,25022,11314,48,0.31852841957863914,0.14402647826363693,0.6814715804213608
U1065,47159,32350,14809,12891,58,0.31402277401980533,0.27335185224453445,0.6859772259801946
U1066,140510,66616,73894,4777,57,0.5258985125613835,0.03399758024339904,0.47410148743861646
U1067,136530,96300,40230,3900,103,0.2946605141727093,0.028565150516370028,0.7053394858272907
U1068,110077,44270,65807,13716,147,0.5978269756624908,0.12460368651035185,0.4021730243375092
U1069,65920,41356,24564,6981,145,0.37263349514563104,0.10590109223300971,0.627366504854369
U1070,122067,85140,36927,6376,64,0.30251419302514193,0.052233609411224985,0.6974858069748581
U1071,97121,73740,23381,16907,71,0.24074093141545083,0.17408181546730367,0.7592590685845492
U1072,99479,41886,57593,18777,99,0.5789463102765408,0.1887534052413072,0.42105368972345925
U1073,119475,84175,35300,18977,143,0.29545930110901863,0.15883657668968404,0.7045406988909814
U1074,49457,37108,12349,10160,138,0.24969165133348162,0.20543098044766162,0.7503083486665184
U1075,96557,67004,29553,14124,27,0.3060679184316,0.14627629275971707,0.6939320815684
U1076,107189,65742,41447,16282,104,0.3866721398650981,0.15189991510322887,0.6133278601349019
U1077,139109,118876,20233,10488,148,0.14544709544314172,0.07539411540590472,0.8545529045568583
U1078,108953,62456,46497,5240,27,0.4267619982928419,0.04809413233229007,0.5732380017071581
U1079,82995,71186,11809,10453,115,0.14228567986023255,0.12594734622567624,0.8577143201397674
U1080,70757,32361,38396,10478,121,0.5426459572904447,0.1480842884802917,0.45735404270955526
U1081,39692,28217,11475,12394,24,0.2891010783029326,0.3122543585609191,0.7108989216970674
U1082,75758,63741,12017,19262,105,0.15862351170833444,0.2542569761609335,0.8413764882916656
U1083,102409,42434,59975,4432,53,0.5856418869435304,0.04327744631819469,0.41435811305646963
U1084,101211,84537,16674,13568,74,0.1647449387912381,0.1340565748782247,0.8352550612087619
U1085,95697,59326,36371,14178,138,0.3800641608409877,0.14815511458039438,0.6199358391590123
U1086,67065,35298,31767,17660,133,0.47367479311116084,0.26332662342503543,0.5263252068888392
U1087,122093,69149,52944,302,45,0.43363665402602936,0.0024735242806712917,0.5663633459739706
U1088,129299,63947,65352,17022,66,0.5054331433344419,0.13164834994856883,0.4945668566655581
U1089,62606,36050,26556,55,132,0.42417659649234896,0.0008785100469603552,0.575823403507651
U1090,41534,37188,4346,13013,95,0.10463716473250831,0.3133095776953821,0.8953628352674917
U1091,124663,96793,27870,8717,91,0.22356272510688818,0.06992451649647449,0.7764372748931119
U1092,70397,26807,43590,8150,108,0.61920252283478,0.11577197891955623,0.3807974771652201
U1093,121387,64537,56850,2125,65,0.46833680707159747,0.017505993228269914,0.5316631929284026
U1094,31016,17168,13848,11479,52,0.44647923652308485,0.37009930358524634,0.5535207634769151
U1095,119789,49962,69827,15745,20,0.5829166284049454,0.13143944769553131,0.41708337159505465
U1096,85591,61734,23857,16748,50,0.27873257702328513,0.19567477889030388,0.7212674229767149
U1097,119812,69668,50144,6809,72,0.4185223516843054,0.05683070143224385,0.5814776483156946
U1098,53247,41809,11438,4621,67,0.21481022405018124,0.08678423197551036,0.7851897759498188
U1099,54300,19790,34510,15034,88,0.6355432780847146,0.27686924493554327,0.36445672191528544
U1100,104065,42561,61504,13623,124,0.5910152308653246,0.1309085667611589,0.40898476913467546
U1101,112798,45823,66975,5126,109,0.5937605276689303,0.04544406815723683,0.4062394723310697
U1102,39268,32543,6725,5122,82,0.17125904044005297,0.13043699704594072,0.828740959559947
U1103,116807,66254,50553,18030,92,0.43279084301454535,0.15435718749732466,0.5672091569854546
U1104,42185,35302,6883,17302,108,0.16316226146734622,0.41014578641697286,0.8368377385326538
U1105,93704,47769,45935,19181,32,0.49021386493639546,0.20469777170665074,0.5097861350636046
U1106,116779,46491,70288,5870,92,0.6018890382688669,0.050265886846093906,0.39811096173113314
U1107,69099,58888,10211,1531,96,0.14777348442090335,0.022156615869983645,0.8522265155790967
U1108,38571,17306,21265,8172,87,0.5513209406030437,0.2118690207668974,0.44867905939695624
U1109,135512,89690,45822,19729,117,0.33813979573764685,0.145588582560954,0.6618602042623531
U1110,68044,51531,16513,7673,144,0.2426812062782905,0.11276526953147963,0.7573187937217095
U1111,81214,31660,49554,6882,121,0.6101657349718029,0.08473908439431625,0.3898342650281971
U1112,91228,47777,43451,1906,121,0.4762901740693647,0.020892708379006444,0.5237098259306353
U1113,144752,53015,91737,3086,38,0.6337529015143142,0.02131922184149442,0.3662470984856859
U1114,78984,29576,49408,13503,101,0.6255444140585436,0.17095867517471894,0.3744555859414565
U1115,70774,35683,35091,8152,42,0.495817673156809,0.11518354197869274,0.504182326843191
U1116,32568,19954,12614,5750,102,0.38731269958241216,0.1765536723163842,0.6126873004175878
U1117,92592,53707,38885,12772,128,0.41996068774840156,0.13793848280628995,0.5800393122515984
U1118,97563,39645,57918,10267,94,0.5936471818209772,0.10523456638274756,0.4063528181790228
U1119,32695,22025,10670,1062,148,0.3263495947392568,0.032482030891573636,0.6736504052607433
U1120,78190,36935,41255,18360,107,0.5276250159866991,0.23481263588694207,0.4723749840133009
U1121,35258,30163,5095,17680,73,0.14450621135628794,0.5014464802314368,0.8554937886437121
U1122,117538,101662,15876,6229,108,0.1350712110126087,0.05299562694617911,0.8649287889873913
U1123,69504,29183,40321,16509,84,0.5801248848987108,0.23752589779005526,0.4198751151012891
U1124,63159,22445,40714,15147,95,0.644627052359917,0.23982330309219588,0.355372947640083
U1125,43986,26576,17410,4632,79,0.3958077570135952,0.10530623380166416,0.6041922429864047
U1126,91858,48916,42942,6288,112,0.46748241851553485,0.06845348254915196,0.5325175814844652
U1127,42666,23424,19242,3596,68,0.4509914217409647,0.08428256691510805,0.5490085782590353
U1128,68660,24169,44491,11475,54,0.6479900961258375,0.1671278764928634,0.35200990387416253
U1129,33561,12104,21457,6168,121,0.6393432853609845,0.18378475015643156,0.3606567146390155
U1130,56854,41213,15641,9795,30,0.27510817180849195,0.1722833925493369,0.7248918281915081
U1131,94505,42790,51715,7561,118,0.5472197238241363,0.08000634887043014,0.4527802761758637
U1132,134488,77724,56764,8258,129,0.4220748319552674,0.061403247873416215,0.5779251680447326
U1133,82251,54666,27585,16616,93,0.3353758616916512,0.20201578096314937,0.6646241383083489
U1134,52662,34427,18235,6371,28,0.3462648589115491,0.12097907409517299,0.6537351410884509
U1135,38392,18441,19951,14369,22,0.5196655553240258,0.3742706813919567,0.48033444467597414
U1136,60535,47949,12586,12910,104,0.20791277773189065,0.2132650532749649,0.7920872222681093
U1137,108603,51294,57309,7943,45,0.5276926051766526,0.07313794278242775,0.47230739482334744
U1138,143569,114171,29398,12199,91,0.2047656527523351,0.08496959650063732,0.7952343472476648
U1139,82256,68209,14047,15728,67,0.17077173701614473,0.19120793619918303,0.8292282629838553
U1140,119135,97265,21870,6738,136,0.18357325722919376,0.05655768665799303,0.8164267427708062
U1141,65222,42381,22841,15913,31,0.3502039189230628,0.24398209193217013,0.6497960810769372
U1142,107373,57799,49574,2472,67,0.4616989373492405,0.023022547567824313,0.5383010626507595
U1143,109575,95520,14055,19123,56,0.12826830937713896,0.17451973534109058,0.871731690622861
U1144,126354,91063,35291,15679,63,0.279302594298558,0.12408788008294158,0.720697405701442
U1145,114651,84822,29829,1761,34,0.26017217468665776,0.015359656697281315,0.7398278253133422
U1146,93335,72340,20995,10167,62,0.22494241174264745,0.10893019767504152,0.7750575882573525
U1147,40965,33555,7410,10554,106,0.18088612229952397,0.2576345660930062,0.8191138777004761
U1148,54538,31540,22998,17260,89,0.4216876306428545,0.31647658513330157,0.5783123693571455
U1149,138066,106665,31401,14277,65,0.22743470514101952,0.10340706618573725,0.7725652948589805
U1150,100592,84187,16405,3812,127,0.16308453952600604,0.03789565770637824,0.836915460473994
U1151,128018,63757,64261,17844,142,0.5019684731834586,0.1393866487525192,0.49803152681654145
U1152,143252,51445,91807,18117,40,0.6408776142741462,0.1264694384720632,0.35912238572585375
U1153,38110,28190,9920,1605,126,0.26029913408554184,0.042114930464445026,0.7397008659144582
U1154,109309,63490,45819,5622,99,0.41916951028735056,0.05143217850314247,0.5808304897126495
U1155,57266,22703,34563,6767,66,0.6035518457723605,0.11816784828694164,0.39644815422763946
U1156,82992,72218,10774,11613,136,0.12981974166184693,0.13992914979757085,0.870180258338153
U1157,112948,66016,46932,19901,143,0.415518645748486,0.17619612565074194,0.5844813542515139
U1158,128806,84057,44749,10589,44,0.3474139403443939,0.08220890331195752,0.6525860596556061
U1159,36910,32464,4446,13918,55,0.12045516120292604,0.3770793822812246,0.879544838797074
U1160,140989,50486,90503,13046,70,0.6419153267276171,0.09253204150678422,0.35808467327238297
U1161,120982,67185,53797,2590,34,0.444669454960242,0.02140814336016928,0.555330545039758
U1162,149176,78632,70544,17447,87,0.4728910816753365,0.11695581058615327,0.5271089183246634
U1163,30206,12280,17926,4324,40,0.5934582533271535,0.14315036747666027,0.4065417466728464
U1164,117054,44598,72456,10787,38,0.618996360654057,0.09215404855878484,0.3810036393459429
U1165,117897,60858,57039,9111,53,0.4838036591261864,0.07727932008448052,0.5161963408738136
U1166,53419,29181,24238,5342,97,0.45373369026001986,0.10000187199311107,0.5462663097399801
U1167,80636,56530,24106,16389,144,0.2989483605337566,0.20324668882385039,0.7010516394662434
U1168,144238,95272,48966,8659,136,0.33948058070688725,0.06003272369278553,0.6605194192931128
U1169,80015,54091,25924,14043,71,0.32398925201524714,0.17550459288883336,0.6760107479847529
U1170,147478,68476,79002,8837,46,0.535686678691059,0.059920801746701204,0.464313321308941
U1171,137059,55654,81405,117,54,0.5939412953545553,0.0008536469695532581,0.4060587046454447
U1172,84268,55045,29223,13917,125,0.3467864432524802,0.16515165899273745,0.6532135567475198
U1173,140687,50447,90240,18935,21,0.6414238700093114,0.13458954985179866,0.35857612999068855
U1174,117939,87377,30562,14309,96,0.25913395908054165,0.12132543094311467,0.7408660409194584
U1175,48141,18809,29332,13234,109,0.6092935335784466,0.2749008121975032,0.3907064664215534
U1176,110356,39181,71175,5560,108,0.6449581354887818,0.05038239878212331,0.3550418645112182
U1177,135878,77246,58632,846,113,0.43150473218622587,0.0062261734791504144,0.5684952678137741
U1178,101910,84319,17591,10954,26,0.1726130899813561,0.10748699833186144,0.827386910018644
U1179,86044,44008,42036,13703,114,0.4885407465947655,0.15925572962670262,0.5114592534052346
U1180,97214,66296,30918,15385,127,0.318040611434567,0.1582590984837575,0.6819593885654329
U1181,147930,118193,29737,13746,93,0.2010207530588792,0.09292232812816872,0.7989792469411208
U1182,149324,112274,37050,6469,58,0.24811818595805096,0.043321904047574404,0.7518818140419491
U1183,63827,51874,11953,9333,90,0.18727184420386356,0.1462233850878155,0.8127281557961364
U1184,85820,42905,42915,16608,75,0.5000582614775111,0.19352132370076905,0.4999417385224889
U1185,92623,39584,53039,12819,61,0.572633147274435,0.1383997495222569,0.4273668527255649
U1186,111734,52088,59646,4208,55,0.5338213972470331,0.0376608731451483,0.46617860275296685
U1187,105450,77604,27846,6283,103,0.2640682788051209,0.059582740635372215,0.735931721194879
U1188,123426,102153,21273,2048,137,0.1723542851587186,0.016592938278806733,0.8276457148412815
U1189,147845,79809,68036,6233,26,0.4601846528458859,0.04215901789035815,0.5398153471541141
U1190,52299,42813,9486,12941,73,0.18138014111168474,0.24744258972446892,0.8186198588883152
U1191,73585,39281,34304,12607,148,0.4661819664333764,0.17132567778759258,0.5338180335666236
U1192,139225,51182,88043,9765,139,0.6323792422337943,0.07013826539773747,0.3676207577662058
U1193,94044,53793,40251,1828,125,0.4280017863978563,0.019437710008081324,0.5719982136021436
U1194,72557,38385,34172,1917,66,0.4709676530176275,0.026420607246716375,0.5290323469823724
U1195,79080,30486,48594,6988,142,0.6144916540212443,0.08836621143146181,0.3855083459787557
U1196,139556,85437,54119,18410,138,0.38779414715239763,0.13191836968672074,0.6122058528476024
U1197,32693,14978,17715,14594,137,0.5418591135717126,0.4463952528064112,0.4581408864282874
U1198,125003,74137,50866,12977,40,0.4069182339623849,0.10381350847579658,0.5930817660376151
U1199,125259,99060,26199,9,45,0.20915862333245516,7.185112447009795e-05,0.7908413766675448
U1200,142235,119120,23115,16644,28,0.16251274299574647,0.11701761169894892,0.8374872570042535
U1201,99163,63460,35703,9865,34,0.36004356463600334,0.09948266994746024,0.6399564353639966
U1202,55939,40661,15278,2219,29,0.27311893312358104,0.03966821001448006,0.726881066876419
U1203,78925,45977,32948,7041,141,0.41745961355717454,0.0892112765283497,0.5825403864428255
U1204,72941,47719,25222,18444,140,0.3457863204507753,0.252861902085247,0.6542136795492247
U1205,51834,24283,27551,5287,144,0.5315237103059768,0.10199868811976695,0.4684762896940232
U1206,48047,36019,12028,1619,91,0.2503382105022166,0.033696172497762605,0.7496617894977834
U1207,56105,28730,27375,8512,68,0.48792442741288655,0.15171553337492202,0.5120755725871134
U1208,105766,70150,35616,1342,110,0.3367433768886031,0.012688387572565853,0.6632566231113969
U1209,45707,36639,9068,10568,56,0.1983941190627256,0.2312118493884963,0.8016058809372744
U1210,51976,37694,14282,19216,87,0.2747806680006157,0.36970909650607975,0.7252193319993844
U1211,74262,60622,13640,19208,69,0.1836740190137621,0.2586518003824298,0.8163259809862379
U1212,53776,35320,18456,18378,38,0.343201428146385,0.34175096697411483,0.656798571853615
U1213,60080,29044,31036,14231,119,0.516577896138482,0.23686750998668443,0.48342210386151796
U1214,96842,36278,60564,3490,79,0.6253898102063155,0.036038082650089835,0.37461018979368454
U1215,91373,47052,44321,9310,108,0.4850557604544012,0.10189005504908452,0.5149442395455988
U1216,36776,16806,19970,7984,88,0.5430171851207309,0.21709810746138786,0.45698281487926906
U1217,122787,83485,39302,17988,68,0.32008274491599276,0.1464975933934374,0.6799172550840072
U1218,85016,51581,33435,12219,127,0.39327891220476147,0.14372588689187918,0.6067210877952386
U1219,39474,16305,23169,235,138,0.5869433044535644,0.005953285707047677,0.41305669554643565
U1220,135830,73058,62772,10161,56,0.4621364941470956,0.07480674372377236,0.5378635058529043
U1221,88053,54863,33190,1908,30,0.3769320750002839,0.021668767674014513,0.6230679249997161
U1222,51959,36293,15666,8567,97,0.30150695740872613,0.16488000153967552,0.6984930425912739
U1223,35530,31586,3944,3530,96,0.11100478468899522,0.09935265972417676,0.8889952153110048
U1224,124856,70802,54054,5256,21,0.43293073620811173,0.04209649516242712,0.5670692637918883
U1225,149101,88373,60728,19019,83,0.4072943843434987,0.12755782992736467,0.5927056156565013
U1226,33748,17656,16092,8162,54,0.47682825648927346,0.24185136897001303,0.5231717435107266
U1227,127504,81300,46204,18944,26,0.3623729451625047,0.14857573095746016,0.6376270548374953
U1228,128098,64171,63927,5415,104,0.49904760417805116,0.04227232275289232,0.5009523958219488
U1229,43545,37553,5992,3391,86,0.1376047766678149,0.07787346423240327,0.8623952233321851
U1230,96199,60612,35587,11157,61,0.36993108036466077,0.11597833657314525,0.6300689196353393
U1231,64766,35081,29685,5951,137,0.4583423401167279,0.09188463082481549,0.5416576598832721
U1232,103530,36511,67019,8007,144,0.6473389355742297,0.07733990147783251,0.35266106442577033
U1233,123557,94395,29162,9064,43,0.23602062206107302,0.0733588546177068,0.763979377938927
U1234,91087,49491,41596,15524,65,0.4566623118556984,0.1704304675749558,0.5433376881443016
U1235,125839,55987,69852,19282,38,0.5550902343470625,0.15322753677317844,0.4449097656529375
U1236,146183,104051,42132,77,87,0.2882140878214293,0.0005267370350861591,0.7117859121785707
U1237,98840,50500,48340,7577,121,0.48907324969647914,0.07665924726831243,0.5109267503035209
U1238,148451,101804,46647,16984,61,0.3142248957568491,0.1144081211982405,0.6857751042431509
U1239,84384,50070,34314,14060,51,0.4066410693970421,0.16661926431551005,0.5933589306029579
U1240,81005,56161,24844,17449,128,0.30669711746188505,0.21540645639158076,0.6933028825381149
U1241,76576,39107,37469,18520,55,0.4893047430004179,0.24185123276222315,0.5106952569995821
U1242,69353,34776,34577,10535,116,0.4985653108012631,0.1519040272230473,0.5014346891987369
U1243,92003,51426,40577,9510,92,0.44103996608806234,0.1033661945806115,0.5589600339119376
U1244,113211,76599,36612,6943,116,0.32339613641783926,0.06132796283046701,0.6766038635821607
U1245,82733,40546,42187,11954,142,0.5099174452757667,0.14448889802134576,0.4900825547242334
U1246,95318,44247,51071,7804,89,0.5357959671835331,0.08187330829434104,0.464204032816467
U1247,139953,61849,78104,6565,32,0.5580730673869084,0.04690860503168921,0.4419269326130915
U1248,119474,74607,44867,5984,68,0.37553777390896764,0.05008621122587341,0.6244622260910324
U1249,53664,28546,25118,4670,79,0.4680605247465713,0.08702295766249254,0.5319394752534288
U1250,97172,54630,42542,18574,149,0.43780101263738525,0.19114559749722143,0.5621989873626148
U1251,115616,83192,32424,9184,24,0.2804456130639358,0.07943537226681428,0.7195543869360642
U1252,123264,51210,72054,19096,46,0.5845502336448598,0.15491952232606437,0.4154497663551402
U1253,145386,58180,87206,2192,27,0.5998239170208961,0.01507710508577167,0.4001760829791039
U1254,56736,28249,28487,1248,69,0.5020974337281444,0.021996615905245348,0.4979025662718556
U1255,124209,54863,69346,11246,86,0.5583009282741186,0.09054094308785998,0.44169907172588135
U1256,133041,66695,66346,12790,63,0.4986883742605663,0.096135777692591,0.5013116257394337
U1257,142859,125969,16890,18381,144,0.11822846302998061,0.12866532735074443,0.8817715369700194
U1258,142181,64801,77380,3687,77,0.5442358683649714,0.025931734901287796,0.4557641316350286
U1259,30854,22326,8528,4018,22,0.27639852207169247,0.13022622674531664,0.7236014779283075
U1260,120084,63310,56774,11302,105,0.4727857166650012,0.09411745111755104,0.5272142833349989
U1261,68623,32623,36000,1970,89,0.5246054529822363,0.028707576177083485,0.47539454701776374
U1262,37392,15101,22291,8389,149,0.5961435601198117,0.2243528027385537,0.40385643988018827
U1263,85680,31368,54312,17586,21,0.6338935574229692,0.20525210084033613,0.3661064425770308
U1264,76717,27948,48769,15374,121,0.6357000404082537,0.20039886856889608,0.36429995959174627
U1265,149937,72287,77650,5788,54,0.5178841780214357,0.03860287987621468,0.48211582197856434
U1266,117092,93789,23303,5408,117,0.19901445017593003,0.04618590510026304,0.80098554982407
U1267,80859,52622,28237,9446,49,0.34921282726721825,0.1168206383952312,0.6507871727327817
U1268,134095,88802,45293,922,135,0.337768000298296,0.006875722435586711,0.662231999701704
U1269,56309,19895,36414,419,27,0.6466817027473406,0.007441084018540553,0.35331829725265945
U1270,117455,102497,14958,18588,63,0.12735090034481292,0.158256353497084,0.8726490996551871
U1271,93734,77522,16212,10789,55,0.17295751808308618,0.11510231079437558,0.8270424819169139
U1272,100467,45370,55097,1120,96,0.54840893029552,0.011147939124289567,0.4515910697044801
U1273,82662,50724,31938,11260,50,0.38636858532336504,0.1362173671094336,0.613631414676635
U1274,128506,112605,15901,17334,66,0.12373741303907988,0.13488864333182887,0.8762625869609201
U1275,139751,77132,62619,2336,74,0.4480755057208893,0.016715443896644748,0.5519244942791107
U1276,148906,126202,22704,5373,125,0.15247202933394222,0.036083166561454875,0.8475279706660578
U1277,42688,36971,5717,2243,140,0.13392522488755623,0.05254404047976012,0.8660747751124438
U1278,55342,24554,30788,19029,74,0.5563225037042391,0.34384373531856455,0.4436774962957609
U1279,67157,38775,28382,4612,31,0.42262161799961284,0.0686748961388984,0.5773783820003872
U1280,97863,40028,57835,13946,22,0.5909792260609219,0.14250533909649205,0.4090207739390781
U1281,136308,107473,28835,18249,49,0.21154297620095666,0.13388062329430409,0.7884570237990434
U1282,82083,41178,40905,11104,42,0.4983370490844633,0.13527770671149933,0.5016629509155367
U1283,136081,104327,31754,13429,111,0.23334631579720902,0.09868387210558417,0.766653684202791
U1284,95733,74097,21636,6371,134,0.22600357243583719,0.06654967461585869,0.7739964275641629
U1285,119045,57382,61663,6359,123,0.5179805955731026,0.05341677516905372,0.4820194044268974
U1286,64698,32994,31704,7863,137,0.4900306037280905,0.12153389594732449,0.5099693962719095
U1287,140078,117514,22564,3228,24,0.16108168306229387,0.02304430388783392,0.8389183169377061
U1288,110623,56340,54283,14382,123,0.49070265677119584,0.13000913010856693,0.5092973432288042
U1289,52671,43983,8688,18755,127,0.16494845360824742,0.3560782973552809,0.8350515463917526
U1290,55184,24041,31143,2891,84,0.5643483618440127,0.05238837344157727,0.43565163815598723
U1291,123384,96301,27083,3756,140,0.21950171821305842,0.030441548336899434,0.7804982817869416
U1292,72107,63691,8416,15770,49,0.11671543678144979,0.21870276117436588,0.8832845632185502
U1293,116202,99064,17138,16478,103,0.14748455276157038,0.141804788213628,0.8525154472384296
U1294,139893,72744,67149,2674,51,0.48000257339538077,0.019114609022610137,0.5199974266046192
U1295,81663,57036,24627,6898,35,0.3015686418573895,0.08446909861259078,0.6984313581426105
U1296,45708,18365,27343,10147,57,0.5982103789271025,0.2219961494705522,0.4017896210728975
U1297,121906,58259,63647,793,55,0.5220989943070891,0.006505012058471281,0.47790100569291094
U1298,79811,50106,29705,2116,133,0.37219180313490624,0.02651263610279285,0.6278081968650938
U1299,32811,11919,20892,5779,85,0.6367376794367743,0.17612995641705526,0.36326232056322577
U1300,86250,65783,20467,12298,124,0.23729855072463768,0.1425855072463768,0.7627014492753623
U1301,142547,84215,58332,14153,104,0.40921240012066196,0.0992865511024434,0.590787599879338
U1302,102082,81860,20222,11111,21,0.19809564859622655,0.10884387061382027,0.8019043514037735
U1303,64754,46527,18227,10789,94,0.2814806807301479,0.166615189795225,0.718519319269852
U1304,125742,74759,50983,11397,86,0.4054572060250354,0.0906379729923176,0.5945427939749646
U1305,136642,64390,72252,12999,74,0.5287686070168762,0.09513180427686949,0.4712313929831238
U1306,41411,21683,19728,814,25,0.47639516070609256,0.019656612977228274,0.5236048392939074
U1307,32911,17083,15828,16729,105,0.4809334265139315,0.5083102913919358,0.5190665734860684
U1308,97270,49413,47857,10541,79,0.49200164490593196,0.10836845892875502,0.5079983550940681
U1309,113763,63852,49911,2443,120,0.4387278816486907,0.02147446885191143,0.5612721183513093
U1310,38680,15127,23553,10457,31,0.6089193381592555,0.2703464322647363,0.3910806618407446
U1311,114896,99144,15752,10380,68,0.13709789722879823,0.09034257067260827,0.8629021027712018
U1312,113879,65092,48787,7783,61,0.4284108571378393,0.06834447088576472,0.5715891428621607
U1313,101295,35612,65683,11473,101,0.648432795300854,0.11326324102867862,0.35156720469914604
U1314,118614,53659,64955,17368,54,0.5476166388453302,0.1464245367325948,0.45238336115466976
U1315,130689,77662,53027,15328,86,0.4057495275042276,0.1172860761043393,0.5942504724957725
U1316,41111,20943,20168,827,99,0.49057429884945636,0.020116270584515095,0.5094257011505436
U1317,67504,39863,27641,19915,26,0.40947203128703485,0.29501955439677646,0.5905279687129652
U1318,31802,20333,11469,7147,33,0.3606376957424061,0.22473429344066412,0.6393623042575939
U1319,38155,21598,16557,4451,92,0.43394050583147686,0.11665574629799502,0.5660594941685231
U1320,103656,51022,52634,15343,85,0.5077757196881995,0.14801844562784594,0.49222428031180054
U1321,69384,55850,13534,13635,110,0.19505937968407702,0.19651504669664477,0.804940620315923
U1322,142561,95997,46564,5959,149,0.3266250938194878,0.04179965067585104,0.6733749061805122
U1323,77254,45729,31525,126,39,0.40806948507520646,0.0016309835089445208,0.5919305149247935
U1324,51918,19399,32519,19561,29,0.6263530952656111,0.3767672098308872,0.37364690473438883
U1325,115981,96971,19010,8795,44,0.16390615704296393,0.07583138617532181,0.836093842957036
U1326,90713,37339,53374,11641,44,0.5883831424382393,0.12832780307122463,0.4116168575617607
U1327,60306,26692,33614,7196,73,0.5573906410639075,0.11932477697078234,0.4426093589360926
U1328,46646,25553,21093,11559,52,0.4521931140933842,0.24780259829353,0.5478068859066157
U1329,76843,55173,21670,3368,114,0.2820035657119061,0.04382962664133363,0.7179964342880939
U1330,126601,56547,70054,3797,33,0.5533447603099502,0.029991864203284334,0.44665523969004983
U1331,120735,57906,62829,15114,84,0.5203876257920238,0.12518325257796,0.47961237420797614
U1332,137512,85842,51670,13718,129,0.3757490255395893,0.09975856652510326,0.6242509744604108
U1333,46371,24156,22215,1792,99,0.4790709710810636,0.03864484268184857,0.5209290289189364
U1334,107371,82988,24383,11053,73,0.22709111398794832,0.1029421352134189,0.7729088860120517
U1335,141472,98281,43191,3476,144,0.3052971612757295,0.024570232978964036,0.6947028387242705
U1336,32049,24603,7446,3417,44,0.23233174202003182,0.10661799120097351,0.7676682579799682
U1337,61616,28581,33035,1645,136,0.5361432095559595,0.02669761101012724,0.4638567904440405
U1338,133727,95492,38235,14755,44,0.2859183261420655,0.11033673080230619,0.7140816738579344
U1339,142893,104250,38643,19414,98,0.27043312128655705,0.13586389816156144,0.729566878713443
U1340,50932,43666,7266,19256,87,0.14266080263881253,0.37807272441686957,0.8573391973611875
U1341,147796,83625,64171,3072,31,0.4341863108609164,0.02078540691223037,0.5658136891390836
U1342,59855,24116,35739,1854,51,0.5970929746888314,0.030974855901762594,0.4029070253111687
U1343,91434,76758,14676,4662,147,0.16050921976507646,0.05098759761139182,0.8394907802349235
U1344,102694,62859,39835,6514,115,0.38789997468206516,0.06343116443024908,0.6121000253179348
U1345,73016,48291,24725,2708,111,0.3386244110879807,0.03708776158650159,0.6613755889120193
U1346,37400,27177,10223,11694,50,0.2733422459893048,0.31267379679144386,0.7266577540106952
U1347,147858,74190,73668,9524,97,0.4982347928417806,0.06441315316046477,0.5017652071582194
U1348,72642,60629,12013,19891,39,0.16537264943145838,0.2738223066545525,0.8346273505685416
U1349,45151,38654,6497,6456,79,0.14389493034484285,0.14298686629310536,0.8561050696551571
U1350,81407,43767,37640,4212,112,0.46236810102325354,0.05174002235679978,0.5376318989767465
U1351,96690,39117,57573,13224,62,0.5954390319578033,0.13676698727893266,0.4045609680421967
U1352,34499,20933,13566,7970,149,0.39322878924026783,0.2310211890199716,0.6067712107597322
U1353,36295,20521,15774,16920,79,0.43460531753685083,0.4661799145887863,0.5653946824631492
U1354,89040,68659,20381,1625,50,0.22889712488769093,0.018250224618149145,0.7711028751123091
U1355,42183,33772,8411,10314,24,0.19939312045136667,0.24450608064860252,0.8006068795486333
U1356,59299,26492,32807,7973,29,0.5532471036611073,0.1344542066476669,0.44675289633889276
U1357,42874,35621,7253,8577,108,0.16917012641694268,0.20005131315016095,0.8308298735830574
U1358,146336,57010,89326,8070,149,0.6104171222392303,0.05514705882352941,0.3895828777607697
U1359,62711,27519,35192,8666,145,0.5611774648785699,0.13818947234137552,0.43882253512143005
U1360,35539,28647,6892,3600,30,0.19392779763077184,0.10129716649314838,0.8060722023692282
U1361,137941,91427,46514,6783,75,0.3372021371455912,0.04917319723649966,0.6627978628544088
U1362,83351,54854,28497,13226,102,0.34189151899797243,0.15867836018764023,0.6581084810020276
U1363,91267,34167,57100,9146,118,0.6256368676520538,0.10021146745263897,0.37436313234794616
U1364,78354,68580,9774,4971,92,0.12474155754651964,0.06344283635806723,0.8752584424534804
U1365,32557,27321,5236,13490,134,0.1608256288970114,0.4143502165432933,0.8391743711029886
U1366,68360,56367,11993,17589,26,0.17543885313048566,0.2572995904037449,0.8245611468695143
U1367,112018,80636,31382,12951,99,0.2801514042386045,0.11561534753343213,0.7198485957613955
U1368,32200,17631,14569,12312,116,0.4524534161490683,0.38236024844720495,0.5475465838509317
U1369,142476,112234,30242,1990,23,0.2122603105084365,0.013967264662118532,0.7877396894915635
U1370,98497,79332,19165,5299,23,0.1945744540442856,0.05379859285054367,0.8054255459557144
U1371,76975,53527,23448,12997,122,0.30461838259175056,0.16884702825592726,0.6953816174082494
U1372,51357,29966,21391,19956,59,0.41651576221352493,0.38857409895437817,0.5834842377864751
U1373,149121,75670,73451,13472,36,0.4925597333708867,0.090342741800283,0.5074402666291132
U1374,107505,43944,63561,4380,120,0.59123761685503,0.040742291056229944,0.40876238314497
U1375,32869,23684,9185,4757,122,0.2794426359183425,0.14472603364872677,0.7205573640816575
U1376,91135,64899,26236,19097,143,0.2878806166675811,0.20954627750041147,0.712119383332419
U1377,80108,43409,36699,10395,71,0.45811903929694914,0.1297623208668298,0.5418809607030509
U1378,142296,79599,62697,16241,71,0.44060971496036433,0.11413532355090797,0.5593902850396357
U1379,124179,101734,22445,5588,143,0.18074714726322486,0.044999557090973516,0.8192528527367752
U1380,120272,96135,24137,17350,82,0.20068677663961687,0.1442563522681921,0.7993132233603831
U1381,68467,33784,34683,4944,135,0.5065652065958783,0.07220996976645683,0.4934347934041217
U1382,53328,24496,28832,13395,81,0.5406540654065407,0.2511813681368137,0.45934593459345935
U1383,149181,130569,18612,19816,26,0.12476119613087458,0.1328319289990012,0.8752388038691254
U1384,121412,58705,62707,17072,111,0.5164810727110994,0.14061213059664612,0.4835189272889006
U1385,116831,80780,36051,4243,33,0.3085739230170075,0.03631741575438026,0.6914260769829925
U1386,33987,17737,16250,9916,105,0.4781239885838703,0.2917586135875482,0.5218760114161297
U1387,88871,32420,56451,9984,149,0.6352015843188442,0.1123426089500512,0.36479841568115584
U1388,52399,45772,6627,1759,81,0.12647187923433653,0.03356934292639172,0.8735281207656634
U1389,76214,44182,32032,9181,98,0.4202902353898234,0.12046343191539612,0.5797097646101766
U1390,129522,67337,62185,2482,77,0.48011148685165456,0.019162767715137197,0.5198885131483455
U1391,116416,95320,21096,951,139,0.1812122045079714,0.008168980208905992,0.8187877954920286
U1392,100271,50300,49971,2079,84,0.49835944590160663,0.02073381137118409,0.5016405540983934
U1393,74064,44893,29171,2717,32,0.39386206524087275,0.03668448909051631,0.6061379347591273
U1394,100091,60630,39461,9692,101,0.3942512313794447,0.0968318829864823,0.6057487686205553
U1395,137450,115021,22429,7311,71,0.16317933794106948,0.053190251000363765,0.8368206620589306
U1396,70818,26305,44513,18449,136,0.6285548871755768,0.2605128639611398,0.37144511282442316
U1397,75525,48594,26931,768,45,0.35658391261171796,0.010168818272095332,0.643416087388282
U1398,49830,25375,24455,5490,53,0.4907686132851696,0.11017459361830223,0.5092313867148304
U1399,47429,22693,24736,15534,71,0.5215374559868435,0.3275211368571971,0.4784625440131565
U1400,36893,18267,18626,6645,131,0.5048654216246985,0.1801154690591711,0.49513457837530156
U1401,146381,105353,41028,5232,101,0.28028227707147785,0.03574234361016799,0.7197177229285221
U1402,109909,47551,62358,11485,61,0.5673602707694547,0.10449553721715236,0.4326397292305453
U1403,77333,65408,11925,5797,40,0.15420325087608136,0.07496153000659486,0.8457967491239187
U1404,33436,25026,8410,19719,61,0.25152530206962553,0.5897535590381625,0.7484746979303745
U1405,104290,38758,65532,12342,132,0.6283632179499473,0.11834308179115927,0.37163678205005274
U1406,106213,64538,41675,8038,124,0.39237193187274627,0.07567811849773569,0.6076280681272537
U1407,35895,25974,9921,16002,36,0.2763894692854158,0.44580025073129964,0.7236105307145843
U1408,49738,44062,5676,13087,139,0.11411797820579839,0.2631187422091761,0.8858820217942016
U1409,60746,36494,24252,4873,148,0.3992361636980213,0.08021927369703355,0.6007638363019787
U1410,79377,43668,35709,1481,149,0.44986583015231113,0.01865779759880066,0.5501341698476889
U1411,78404,56761,21643,10093,79,0.27604458956175704,0.1287306770062752,0.723955410438243
U1412,84045,50223,33822,19835,67,0.4024272711047653,0.236004521387352,0.5975727288952347
U1413,127888,97149,30739,14422,48,0.24035875140748156,0.11277054923057675,0.7596412485925185
U1414,69790,54580,15210,16438,116,0.21793953288436738,0.23553517695944978,0.7820604671156326
U1415,137455,82882,54573,7643,29,0.397024480739151,0.05560365210432505,0.602975519260849
U1416,35600,30860,4740,19846,77,0.13314606741573035,0.5574719101123595,0.8668539325842697
U1417,124660,71378,53282,15708,40,0.4274185785336114,0.12600673832825285,0.5725814214663886
U1418,123179,100617,22562,11271,47,0.1831643380771073,0.09150098636942985,0.8168356619228927
U1419,70764,45127,25637,17216,53,0.36228873438471537,0.2432875473404556,0.6377112656152846
U1420,104543,54725,49818,12600,27,0.4765311881235472,0.12052456883770314,0.5234688118764528
U1421,75714,51850,23864,10998,98,0.31518609504186806,0.1452571519137808,0.6848139049581319
U1422,86835,60891,25944,14295,106,0.2987735360165832,0.16462256002763861,0.7012264639834168
U1423,132946,93908,39038,10682,107,0.2936380184435786,0.08034841213725874,0.7063619815564214
U1424,139616,72419,67197,16380,88,0.481298705019482,0.11732179692871877,0.518701294980518
U1425,135983,110085,25898,8519,106,0.1904502768728444,0.062647536824456,0.8095497231271556
U1426,103744,91931,11813,19694,120,0.11386682603331277,0.1898326650215916,0.8861331739666872
U1427,86491,49875,36616,3300,27,0.42335040640066596,0.03815425882461759,0.576649593599334
U1428,48589,33929,14660,6722,96,0.30171437979789667,0.138344069645393,0.6982856202021034
U1429,73484,34266,39218,7218,106,0.5336944096674106,0.09822546404659517,0.4663055903325894
U1430,112989,100494,12495,3054,62,0.11058598624644878,0.02702917983166503,0.8894140137535512
U1431,66212,56176,10036,13575,148,0.1515737328580922,0.2050232586238144,0.8484262671419078
U1432,73525,40295,33230,7970,128,0.4519551173070384,0.10839850391023462,0.5480448826929616
U1433,77202,34500,42702,2143,36,0.5531203854822414,0.027758348229320485,0.4468796145177586
U1434,62635,48594,14041,9503,40,0.22417178893589845,0.1517202841861579,0.7758282110641015
U1435,93208,36835,56373,15149,77,0.6048086001201614,0.16252896747060339,0.39519139987983865
U1436,63828,32632,31196,18922,129,0.4887510183618475,0.29645296734975246,0.5112489816381526
U1437,48711,18721,29990,12175,47,0.6156720247993266,0.24994354457925314,0.38432797520067336
U1438,33420,13797,19623,8356,70,0.5871633752244165,0.2500299222022741,0.41283662477558347
U1439,126752,106360,20392,15070,24,0.16088109063367836,0.11889358747790962,0.8391189093663216
U1440,30301,14446,15855,822,24,0.5232500577538695,0.027127817563776774,0.4767499422461305
U1441,75236,34348,40888,17327,113,0.5434632356850444,0.23030198309320007,0.4565367643149556
U1442,145294,90631,54663,14289,115,0.376223381557394,0.09834542376147673,0.623776618442606
U1443,147858,83631,64227,6150,27,0.43438298908412126,0.041593961774134644,0.5656170109158788
U1444,96235,50740,45495,4425,83,0.47274899984413155,0.045981191874058296,0.5272510001558685
U1445,84240,53955,30285,16032,57,0.359508547008547,0.1903133903133903,0.6404914529914529
U1446,95726,74850,20876,2198,130,0.2180807722039989,0.022961368907088983,0.7819192277960011
U1447,40492,16330,24162,3452,131,0.5967104613256939,0.08525140768546874,0.40328953867430606
U1448,145668,102796,42872,9106,100,0.29431309553230633,0.06251201362001263,0.7056869044676937
U1449,131279,81968,49311,13859,123,0.3756198630397855,0.10556905521827559,0.6243801369602145
U1450,36102,25463,10639,17692,92,0.29469281480250403,0.4900559525788045,0.705307185197496
U1451,80336,59245,21091,8705,68,0.26253485361481776,0.10835739892451703,0.7374651463851822
U1452,148015,53206,94809,10112,55,0.6405364321183664,0.0683174002634868,0.35946356788163364
U1453,115314,60002,55312,19978,145,0.4796642211700227,0.17324869486792585,0.5203357788299773
U1454,56641,35017,21624,4841,87,0.3817729206758355,0.08546812379724934,0.6182270793241644
U1455,64584,49457,15127,15358,97,0.23422209835253313,0.23779883562492257,0.7657779016474668
U1456,62745,42267,20478,1409,124,0.3263686349509921,0.022455972587457167,0.6736313650490079
U1457,53093,22796,30297,4566,141,0.5706401973894863,0.08600003766974931,0.42935980261051365
U1458,96105,53247,42858,11382,138,0.44594974246917435,0.11843296394568441,0.5540502575308257
U1459,133746,90602,43144,17939,133,0.32258160991730594,0.1341273757719857,0.6774183900826941
U1460,130199,57519,72680,14596,29,0.5582224133825913,0.11210531570903003,0.44177758661740874
U1461,81885,39363,42522,804,110,0.5192892471148562,0.009818648104048361,0.4807107528851438
U1462,66631,35187,31444,13221,21,0.4719124731731476,0.19842115531809518,0.5280875268268523
U1463,141217,52170,89047,1279,137,0.6305685576099195,0.009056983224399328,0.3694314423900805
U1464,102991,91289,11702,13192,32,0.11362157858453652,0.12808886213358447,0.8863784214154635
U1465,34014,15770,18244,7083,114,0.5363673781384136,0.20823778444170046,0.4636326218615864
U1466,41093,26338,14755,11093,51,0.35906358747231887,0.2699486530552649,0.6409364125276811
U1467,48070,22642,25428,17771,51,0.5289785729144997,0.3696900353650926,0.4710214270855003
U1468,65777,53137,12640,12880,143,0.19216443437675784,0.1958131261687216,0.8078355656232422
U1469,86958,45928,41030,15517,30,0.4718369787713609,0.17844246647806988,0.5281630212286391
U1470,112074,67263,44811,19063,29,0.3998340382247444,0.17009297428484751,0.6001659617752556
U1471,40729,34702,6027,2106,34,0.1479780991431167,0.051707628471113945,0.8520219008568833
U1472,129713,75830,53883,16086,36,0.4154016945101879,0.1240122424120944,0.5845983054898122
U1473,75017,44163,30854,4831,78,0.41129344015356517,0.06439873628644174,0.5887065598464348
U1474,96320,63048,33272,19152,97,0.34543189368770766,0.19883720930232557,0.6545681063122923
U1475,57751,28436,29315,3186,143,0.5076102578310332,0.05516787588093713,0.49238974216896675
U1476,136400,103090,33310,2573,133,0.244208211143695,0.018863636363636364,0.7557917888563049
U1477,135864,117113,18751,12808,41,0.13801301301301303,0.09427074132956485,0.861986986986987
U1478,108069,89542,18527,2599,51,0.17143676725055287,0.024049449888497165,0.8285632327494471
U1479,135647,99431,36216,4033,132,0.26698710623898797,0.029731582711007246,0.7330128937610121
U1480,135510,108668,26842,8428,139,0.19808132241163015,0.06219467197992768,0.8019186775883699
U1481,84748,49754,34994,1304,141,0.4129182989569075,0.01538679378864398,0.5870817010430924
U1482,35801,18685,17116,17685,51,0.4780872042680372,0.4939806150666183,0.5219127957319628
U1483,49190,31055,18135,18925,138,0.36867249440943284,0.3847326692417158,0.6313275055905672
U1484,79689,61378,18311,18435,58,0.22978077275408149,0.23133682189511726,0.7702192272459185
U1485,134290,102669,31621,8633,31,0.23546801697818154,0.06428624618363243,0.7645319830218185
U1486,80993,49310,31683,11372,37,0.39118195399602435,0.1404071956835776,0.6088180460039756
U1487,59592,41793,17799,8996,145,0.29868103101087395,0.15095986038394416,0.701318968989126
U1488,40647,32817,7830,16458,65,0.1926341427411617,0.4049007306812311,0.8073658572588382
U1489,38716,17976,20740,5475,123,0.53569583634673,0.14141440231428867,0.46430416365327
U1490,118891,64914,53977,7184,105,0.4540040877778806,0.0604250952553179,0.5459959122221194
U1491,117545,86420,31125,12875,108,0.26479220723978053,0.1095325194606321,0.7352077927602195
U1492,147638,79279,68359,1622,41,0.46301765128219025,0.010986331432287081,0.5369823487178098
U1493,119912,89801,30111,15988,111,0.25110914670758555,0.13333110948028554,0.7488908532924144
U1494,140627,77370,63257,8041,48,0.4498211580990848,0.05717963122302261,0.5501788419009151
U1495,100316,48877,51439,16725,32,0.5127696479125962,0.16672315483073488,0.4872303520874038
U1496,32368,22636,9732,18458,21,0.3006673257538309,0.5702545724172021,0.6993326742461691
U1497,107575,81896,25679,7992,48,0.23870787822449455,0.07429235417150826,0.7612921217755054
U1498,36655,25732,10923,15646,46,0.29799481653253307,0.42684490519710816,0.7020051834674669
U1499,136477,49970,86507,17029,69,0.6338577196157594,0.12477560321519376,0.36614228038424057
U1500,100031,62243,37788,4263,114,0.37776289350301406,0.042616788795473405,0.6222371064969859
U1501,106429,58979,47450,14060,107,0.4458371308571912,0.13210685057644064,0.5541628691428088
U1502,121083,73510,47573,15156,63,0.39289578223202265,0.12517033770223732,0.6071042177679773
U1503,117922,93700,24222,8646,41,0.20540696392530655,0.07331965197333831,0.7945930360746934
U1504,85766,63888,21878,11664,116,0.25508942937760887,0.13599794790476413,0.7449105706223912
U1505,43403,20434,22969,2969,22,0.5292030504803815,0.06840540976430201,0.4707969495196185
U1506,62097,43340,18757,3028,137,0.30205968082193985,0.04876242008470619,0.6979403191780601
U1507,108657,62997,45660,19065,38,0.4202214307407714,0.17546039371600541,0.5797785692592285
U1508,40966,14968,25998,3629,42,0.634623834399258,0.08858565639798857,0.3653761656007421
U1509,129157,57112,72045,3067,49,0.5578094876777875,0.02374629327098028,0.4421905123222125
U1510,148834,78514,70320,5941,58,0.47247268769232836,0.03991695445933053,0.5275273123076716
U1511,123848,104561,19287,17770,127,0.15573121891350689,0.14348233318261094,0.8442687810864932
U1512,82921,45638,37283,19250,130,0.44962072333908176,0.23214867162721145,0.5503792766609182
U1513,79726,70416,9310,11555,44,0.11677495421819732,0.1449338986027143,0.8832250457818027
U1514,80300,66563,13737,13081,147,0.17107098381070984,0.1629016189290162,0.8289290161892902
U1515,52677,31837,20840,6819,130,0.3956185811644551,0.12944928526681473,0.604381418835545
U1516,85609,37622,47987,11046,125,0.5605368594423483,0.12902848999521077,0.4394631405576516
U1517,126825,105002,21823,17717,91,0.17207175241474473,0.13969643209146462,0.8279282475852553
U1518,86661,73700,12961,2711,148,0.14955977890862096,0.03128281464557298,0.8504402210913791
U1519,61024,33062,27962,4853,127,0.4582131620346093,0.07952608809648663,0.5417868379653906
U1520,138211,81166,57045,7715,24,0.4127384940417188,0.05582044844476923,0.5872615059582812
U1521,100313,83261,17052,8942,22,0.1699879377548274,0.08914098870535225,0.8300120622451727
U1522,83006,60278,22728,15507,123,0.27381153169650385,0.1868178203985254,0.7261884683034961
U1523,125285,99600,25685,15826,83,0.20501257133735085,0.1263199904218382,0.7949874286626492
U1524,45338,29247,16091,1762,125,0.35491199435352244,0.038863646389342275,0.6450880056464776
U1525,98027,41315,56712,15850,117,0.5785344853968805,0.16169014659226538,0.42146551460311954
U1526,122772,108314,14458,12112,29,0.11776300785195322,0.09865441631642394,0.8822369921480467
U1527,143632,84111,59521,12652,147,0.41439929820652777,0.08808622034087112,0.5856007017934722
U1528,110135,70977,39158,6122,65,0.35554546692695327,0.05558632587279248,0.6444545330730467
U1529,49508,40418,9090,481,85,0.1836066898279066,0.009715601518946433,0.8163933101720934
U1530,33051,11782,21269,14536,131,0.6435206196484221,0.4398051496172582,0.3564793803515779
U1531,78747,51550,27197,153,32,0.3453718871830038,0.0019429311592822583,0.6546281128169962
U1532,144692,126093,18599,7617,105,0.12854200646891328,0.05264285516821939,0.8714579935310868
U1533,117142,83551,33591,1524,109,0.28675453722832117,0.013009851291594817,0.7132454627716788
U1534,117235,60022,57213,2120,77,0.4880197893120655,0.018083336887448287,0.5119802106879345
U1535,84021,54141,29880,15048,73,0.35562537936944333,0.1790980826222016,0.6443746206305566
U1536,96412,48568,47844,2343,31,0.496245280670456,0.024301954113595817,0.5037547193295441
U1537,88335,66998,21337,5136,33,0.24154638591724684,0.05814229920190185,0.7584536140827531
U1538,86179,41195,44984,1240,140,0.5219833138003458,0.014388656169136333,0.4780166861996542
U1539,62093,37973,24120,60,140,0.38844958368898264,0.0009662924967387629,0.6115504163110174
U1540,99678,40826,58852,9130,39,0.5904211561227152,0.09159493569293124,0.4095788438772849
U1541,110738,86222,24516,18023,94,0.22138741895284364,0.1627535263414546,0.7786125810471564
U1542,69734,59469,10265,12312,89,0.14720222560013765,0.17655662947772965,0.8527977743998624
U1543,102615,90752,11863,13350,75,0.11560688008575744,0.13009793889782195,0.8843931199142425
U1544,103523,70697,32826,12418,120,0.3170889560773934,0.11995401987964027,0.6829110439226066
U1545,135103,74331,60772,1252,130,0.44981976714062605,0.009267003693478309,0.550180232859374
U1546,124476,88335,36141,8363,144,0.2903451267714258,0.06718564221215334,0.7096548732285742
U1547,132769,93587,39182,9650,39,0.29511407030255554,0.0726826292282084,0.7048859296974445
U1548,47019,35623,11396,19933,43,0.24237010570195028,0.42393500499797954,0.7576298942980497
U1549,141721,71227,70494,18706,56,0.4974139330092223,0.13199173023052335,0.5025860669907777
U1550,113613,78952,34661,16314,73,0.3050795243502064,0.14359272266377968,0.6949204756497936
U1551,121794,69703,52091,4090,122,0.42769758773010164,0.03358129300293939,0.5723024122698983
U1552,116672,97544,19128,6960,57,0.16394679100383983,0.05965441579813494,0.8360532089961602
U1553,103847,80951,22896,3004,23,0.22047820351093436,0.02892717170452685,0.7795217964890656
U1554,112750,58491,54259,16713,76,0.4812328159645233,0.14823059866962307,0.5187671840354767
U1555,109634,61344,48290,3640,39,0.44046554900851925,0.03320137913421019,0.5595344509914807
U1556,58251,26740,31511,1341,36,0.5409520866594565,0.023021064016068394,0.4590479133405435
U1557,133481,111819,21662,11855,138,0.16228526906451105,0.08881413834178647,0.837714730935489
U1558,142566,81331,61235,338,90,0.4295203624987725,0.0023708317551169285,0.5704796375012275
U1559,55945,30121,25824,5895,23,0.46159621056394673,0.10537134685852176,0.5384037894360533
U1560,120852,86552,34300,12254,33,0.28381822394333567,0.1013967497434879,0.7161817760566643
U1561,62217,23532,38685,19092,22,0.6217753990067023,0.3068614687304113,0.37822460099329763
U1562,38308,18492,19816,11344,99,0.517280985694894,0.29612613553304795,0.482719014305106
U1563,35949,18219,17730,1750,74,0.4931986981557206,0.048680074550057024,0.5068013018442794
U1564,81990,29812,52178,2421,139,0.6363946822783266,0.029527991218441272,0.36360531772167337
U1565,31150,21661,9489,7119,43,0.3046227929373997,0.22853932584269662,0.6953772070626003
U1566,119480,42310,77170,5319,101,0.6458821560093739,0.0445179109474389,0.35411784399062607
U1567,130235,54393,75842,15896,79,0.5823472952739279,0.12205628287326756,0.4176527047260721
U1568,104740,64467,40273,11918,68,0.3845044873018904,0.11378651899942716,0.6154955126981096
U1569,146352,75495,70857,13849,82,0.48415464086585763,0.09462802011588499,0.5158453591341423
U1570,96617,62214,34403,4873,129,0.3560760528685428,0.050436258629433746,0.6439239471314572
U1571,124841,90847,33994,4806,128,0.2722983635183954,0.038496968143478506,0.7277016364816046
U1572,46896,26151,20745,8592,95,0.4423618219037871,0.18321392016376664,0.5576381780962129
U1573,76175,40640,35535,12182,49,0.46649163111256975,0.1599212340006564,0.5335083688874303
U1574,37805,24986,12819,19541,77,0.3390821319931226,0.5168893003570956,0.6609178680068774
U1575,35237,22129,13108,16774,136,0.3719953458012884,0.47603371456139854,0.6280046541987115
U1576,145247,79164,66083,12045,119,0.4549698100477118,0.0829277024654554,0.5450301899522881
U1577,50056,32126,17930,4430,38,0.35819881732459646,0.08850087901550263,0.6418011826754035
U1578,75543,39307,36236,8820,113,0.47967382815085446,0.1167546960009531,0.5203261718491455
U1579,86556,56145,30411,4232,132,0.35134479412172465,0.04889320208882111,0.6486552058782753
U1580,144548,81870,62678,11122,82,0.4336137476824308,0.07694329911171376,0.5663862523175692
U1581,141488,122922,18566,15023,135,0.131219608730069,0.10617861585434807,0.868780391269931
U1582,33343,27119,6224,8007,132,0.1866658668985994,0.2401403592958042,0.8133341331014006
U1583,43500,25909,17591,17905,66,0.40439080459770116,0.41160919540229884,0.5956091954022988
U1584,83222,52671,30551,9018,76,0.3671024488716926,0.1083607699887049,0.6328975511283074
U1585,59375,26232,33143,1500,137,0.5581978947368421,0.02526315789473684,0.4418021052631579
U1586,39662,35523,4139,6737,64,0.10435681508748929,0.1698603197014775,0.8956431849125107
U1587,46964,24985,21979,3294,23,0.467996763478409,0.07013882974192999,0.532003236521591
U1588,143429,113264,30165,18803,66,0.21031311659427313,0.13109622182403838,0.7896868834057269
U1589,89638,71327,18311,19426,66,0.2042772038644325,0.2167161248577612,0.7957227961355675
U1590,103666,75153,28513,4497,97,0.2750467848667837,0.043379700190998016,0.7249532151332163
U1591,115067,71303,43764,17850,143,0.38033493529856516,0.15512701295766815,0.6196650647014348
U1592,148937,83000,65937,19945,94,0.44271739057453824,0.1339156824697691,0.5572826094254618
U1593,97215,34644,62571,614,122,0.643635241475081,0.006315897752404464,0.356364758524919
U1594,99042,68314,30728,9374,109,0.31025221623149773,0.09464671553482361,0.6897477837685022
U1595,43284,18791,24493,19607,88,0.5658672950743924,0.45298493669716294,0.4341327049256076
U1596,102789,63977,38812,2667,80,0.37758904162896806,0.025946356127601204,0.6224109583710319
U1597,114664,74196,40468,13409,69,0.35292681225144773,0.11694167306216424,0.6470731877485523
U1598,123468,57335,66133,16514,22,0.5356286649172255,0.13375125538601096,0.4643713350827745
U1599,91389,56806,34583,2983,126,0.3784153453916773,0.03264068979855344,0.6215846546083227
U1600,39435,16697,22738,12651,132,0.5765943958412577,0.3208063902624572,0.42340560415874223
U1601,84340,34884,49456,8230,113,0.5863884277922694,0.09758121887597819,0.4136115722077306
U1602,74078,34638,39440,6640,137,0.5324117821755447,0.08963524933178542,0.4675882178244553
U1603,108832,57687,51145,11779,100,0.46994450161717144,0.10823103498970892,0.5300554983828286
U1604,81293,47245,34048,15317,128,0.418830649625429,0.18841720689358246,0.581169350374571
U1605,125981,52292,73689,17304,70,0.5849215357871425,0.1373540454512982,0.4150784642128575
U1606,108781,48790,59991,7564,54,0.5514841746260836,0.06953420174479,0.4485158253739164
U1607,90403,67832,22571,15520,65,0.24967091800050883,0.17167571872614848,0.7503290819994912
U1608,59124,30904,28220,13737,88,0.4773019416818889,0.2323421960625127,0.5226980583181111
U1609,125435,106971,18464,9323,112,0.1471997448877905,0.07432534778969187,0.8528002551122095
U1610,73919,49231,24688,15229,83,0.3339872022078221,0.20602280875011839,0.6660127977921779
U1611,138761,105312,33449,11713,68,0.2410547632259785,0.08441132594893377,0.7589452367740215
U1612,65247,44378,20869,8502,93,0.31984612319340355,0.13030484160191272,0.6801538768065964
U1613,124758,74977,49781,19625,24,0.3990205036951538,0.15730454159252313,0.6009794963048462
U1614,121747,87853,33894,545,119,0.2783970036222658,0.004476496340772258,0.7216029963777342
U1615,92752,68898,23854,4346,89,0.2571804381576678,0.046856132482318444,0.7428195618423322
U1616,86573,58547,28026,9996,109,0.32372679703833757,0.1154632506670671,0.6762732029616624
U1617,89101,53542,35559,15775,23,0.3990864300063972,0.17704627333026565,0.6009135699936028
U1618,132756,101852,30904,13919,145,0.2327879719184067,0.10484648528126789,0.7672120280815933
U1619,56646,28103,28543,3810,58,0.5038837693747131,0.06725982417116831,0.49611623062528687
U1620,134185,74655,59530,7206,148,0.443641241569475,0.05370197861161829,0.5563587584305251
U1621,53049,30991,22058,9005,43,0.41580425644215724,0.16974872287884785,0.5841957435578428
U1622,109605,57213,52392,16371,76,0.47800739017380595,0.14936362392226632,0.5219926098261941
U1623,128116,67441,60675,12316,119,0.47359424271753725,0.09613163070966936,0.5264057572824627
U1624,127379,62602,64777,18416,89,0.5085375140329254,0.14457642154515266,0.49146248596707465
U1625,98385,42589,55796,8436,60,0.5671189713879148,0.08574477816740357,0.43288102861208516
U1626,70158,28138,42020,12984,79,0.5989338350580119,0.18506798939536476,0.4010661649419881
U1627,95417,48910,46507,271,127,0.48740790425186287,0.0028401647505161554,0.5125920957481371
U1628,53289,22660,30629,19895,76,0.5747715288333427,0.37334159019685115,0.4252284711666573
U1629,140226,68789,71437,18155,50,0.5094419009313537,0.1294695705503972,0.49055809906864634
U1630,130793,70309,60484,10616,103,0.46244065049352795,0.08116642327953331,0.5375593495064721
U1631,39823,32539,7284,4361,55,0.18290937397986087,0.10950957989101776,0.8170906260201392
U1632,90160,36522,53638,7069,127,0.5949201419698315,0.07840505767524401,0.4050798580301686
U1633,71975,43944,28031,17304,125,0.38945467176102816,0.24041681139284474,0.6105453282389719
U1634,39540,33861,5679,3430,105,0.14362670713201822,0.08674759736975216,0.8563732928679818
U1635,46364,26922,19442,12676,33,0.41933396600810974,0.2734017772409628,0.5806660339918902
U1636,34611,21248,13363,10816,139,0.38609112709832133,0.3125018057842882,0.6139088729016786
U1637,57663,25904,31759,2050,99,0.5507691240483499,0.035551393441201465,0.4492308759516501
U1638,81991,56109,25882,11692,125,0.3156687929162957,0.14260101718481297,0.6843312070837043
U1639,87679,57923,29756,1165,89,0.33937430855735123,0.013287104095621529,0.6606256914426487
U1640,134182,113695,20487,2033,63,0.15268068742454277,0.015151063480943793,0.8473193125754572
U1641,60977,33638,27339,145,92,0.4483493776341899,0.002377945782836151,0.5516506223658101
U1642,124704,111969,12735,14269,64,0.10212182448036952,0.11442295355401591,0.8978781755196305
U1643,79115,51506,27609,7832,126,0.34897301396701,0.09899513366618214,0.6510269860329899
U1644,121007,83047,37960,14286,103,0.3137008602808102,0.11805928582643979,0.6862991397191898
U1645,118223,61080,57143,2632,101,0.48334926367965625,0.0222630114275564,0.5166507363203438
U1646,90890,57053,33837,4494,126,0.37228517988777643,0.049444383320497304,0.6277148201122236
U1647,96387,35911,60476,15152,40,0.6274290101362217,0.15719962235571186,0.3725709898637783
U1648,48071,36951,11120,9155,26,0.23132449917829875,0.1904474631274573,0.7686755008217012
U1649,89275,72806,16469,10426,89,0.18447493699243908,0.11678521422570709,0.8155250630075609
U1650,102369,63057,39312,10233,146,0.38402250681358613,0.09996190252908595,0.6159774931864138
U1651,41938,35484,6454,1828,139,0.15389384329247938,0.04358815394153274,0.8461061567075207
U1652,65195,43026,22169,12260,147,0.34004141421888184,0.18805123092261677,0.6599585857811182
U1653,121680,71070,50610,9130,76,0.41592702169625245,0.07503287310979619,0.5840729783037475
U1654,34000,21071,12929,4805,77,0.38026470588235295,0.1413235294117647,0.619735294117647
U1655,100588,70424,30164,806,40,0.29987672485783595,0.00801288424066489,0.7001232751421641
U1656,131042,49560,81482,8202,101,0.6218006440683139,0.06259061980128508,0.378199355931686
U1657,123610,63321,60289,1868,88,0.4877356200954615,0.01511204595097484,0.5122643799045384
U1658,133691,67104,66587,14561,106,0.49806643678332874,0.10891533461489554,0.5019335632166713
U1659,136306,66856,69450,15512,68,0.5095153551567796,0.11380276730298006,0.4904846448432204
U1660,127856,98270,29586,14899,134,0.2314009510699537,0.11652953322487798,0.7685990489300463
U1661,68304,28862,39442,16220,108,0.5774478800655891,0.23746779105176857,0.4225521199344109
U1662,141783,125355,16428,15934,104,0.11586720551829204,0.11238300783591827,0.884132794481708
U1663,99449,51883,47566,5429,147,0.4782954076964072,0.05459079528200384,0.5217045923035928
U1664,112986,91859,21127,9076,136,0.18698776839608447,0.080328536278831,0.8130122316039156
U1665,119643,105686,13957,3564,146,0.11665538309805003,0.029788621147915046,0.88334461690195
U1666,50764,37159,13605,1389,90,0.26800488535182415,0.02736191001497124,0.7319951146481759
U1667,138940,99942,38998,11593,105,0.280682308910321,0.08343889448682884,0.719317691089679
U1668,116027,103841,12186,7274,52,0.10502727813353788,0.0626923043774294,0.8949727218664622
U1669,68494,39389,29105,17208,100,0.4249277308961369,0.25123368470230967,0.5750722691038631
U1670,33373,25868,7505,18649,80,0.22488238995595242,0.5588050220237917,0.7751176100440476
U1671,42161,34839,7322,17320,80,0.17366760750456584,0.410806195298973,0.8263323924954342
U1672,127532,74597,52935,10745,117,0.415072295580717,0.08425336386161904,0.584927704419283
U1673,122658,55532,67126,14199,47,0.5472614913010159,0.11576089615027149,0.4527385086989842
U1674,130386,54891,75495,15876,62,0.5790115503198197,0.121761538815517,0.4209884496801804
U1675,57350,40656,16694,18180,105,0.2910897994768962,0.31700087183958153,0.7089102005231037
U1676,123008,77733,45275,8245,36,0.3680654916753382,0.06702816077003122,0.6319345083246618
U1677,124297,108292,16005,7214,117,0.12876416969033846,0.05803840800662928,0.8712358303096616
U1678,55351,29965,25386,726,117,0.4586367003306173,0.013116294195226825,0.5413632996693827
U1679,118668,106036,12632,19120,84,0.10644824215458254,0.16112178514848147,0.8935517578454175
U1680,144585,85144,59441,13832,93,0.4111145692845039,0.09566690873880417,0.588885430715496
U1681,45305,35020,10285,11362,104,0.2270168855534709,0.2507890961262554,0.7729831144465291
U1682,105353,49869,55484,18297,24,0.5266485055005553,0.17367326986417092,0.47335149449944475
U1683,106797,93953,12844,10106,21,0.12026555053044562,0.09462812625822822,0.8797344494695544
U1684,95953,36454,59499,7657,41,0.6200848331995873,0.07979948516461184,0.3799151668004127
U1685,87458,76612,10846,18850,131,0.12401381234421094,0.21553202680143613,0.8759861876557891
U1686,137112,97801,39311,14551,76,0.28670721745726124,0.10612491977361573,0.7132927825427388
U1687,50358,40251,10107,7906,85,0.20070296675801264,0.15699590928948728,0.7992970332419874
U1688,33267,22164,11103,7287,93,0.3337541707998918,0.2190459013436739,0.6662458292001082
U1689,112745,100758,11987,892,117,0.10631957071267019,0.00791165905361657,0.8936804292873298
U1690,119588,84853,34735,10222,131,0.29045556410342177,0.0854768036926782,0.7095444358965782
U1691,68513,31791,36722,4675,144,0.5359858712944988,0.0682352254316699,0.4640141287055011
U1692,56092,48708,7384,1933,105,0.13164087570420024,0.03446124224488341,0.8683591242957998
U1693,41338,19025,22313,17764,95,0.5397697034205815,0.4297256761333398,0.46023029657941844
U1694,30412,12823,17589,11873,107,0.5783572274102328,0.39040510324871763,0.4216427725897672
U1695,37543,24170,13373,17674,57,0.3562048850651253,0.47076685400740487,0.6437951149348746
U1696,135891,122162,13729,18024,78,0.10102950158582982,0.13263571538954014,0.8989704984141702
U1697,63496,30498,32998,13239,118,0.519686279450674,0.2085013229179791,0.4803137205493259
U1698,90692,79599,11093,10874,82,0.12231508843117364,0.11990032196886165,0.8776849115688263
U1699,119084,101698,17386,17602,68,0.1459977830774915,0.14781162876624904,0.8540022169225084
U1700,122920,63722,59198,5016,51,0.48159778717865276,0.04080702896192646,0.5184022128213472
U1701,74425,65512,8913,13774,40,0.11975814578434665,0.18507222035606316,0.8802418542156534
U1702,68756,51858,16898,9752,39,0.24576764209668975,0.1418348944092152,0.7542323579033102
U1703,48888,34108,14780,17338,146,0.3023236786123384,0.35464735722467683,0.6976763213876616
U1704,65735,36876,28859,15585,87,0.4390203088156994,0.23708830911995132,0.5609796911843006
U1705,77295,55205,22090,7291,129,0.2857882139853807,0.09432692929684973,0.7142117860146193
U1706,147474,72569,74905,974,135,0.5079200401426692,0.006604554023082035,0.4920799598573308
U1707,144352,82078,62274,4133,139,0.4314037907337619,0.02863140101972955,0.5685962092662381
U1708,113042,56218,56824,14663,98,0.5026804196670264,0.12971285009111658,0.4973195803329736
U1709,115999,85625,30374,3972,135,0.2618470848886628,0.03424167449719394,0.7381529151113372
U1710,47955,19252,28703,5295,111,0.5985402981962257,0.11041601501407569,0.4014597018037744
U1711,67841,38786,29055,13913,33,0.4282808331245117,0.20508247225129347,0.5717191668754883
U1712,100640,61190,39450,9105,144,0.3919912559618442,0.09047098569157393,0.6080087440381559
U1713,95510,81835,13675,8228,77,0.14317872474086482,0.08614804732488744,0.8568212752591352
U1714,64911,36988,27923,9903,47,0.43017362234444084,0.15256273975135184,0.5698263776555591
U1715,89031,62068,26963,3020,45,0.3028495692511597,0.033920769170289,0.6971504307488403
U1716,118726,57077,61649,8987,132,0.5192544177349527,0.07569529841820663,0.48074558226504727
U1717,37357,27374,9983,12880,85,0.26723237947372647,0.34478143319859733,0.7327676205262735
U1718,62479,41858,20621,5233,63,0.3300468957569743,0.08375614206373341,0.6699531042430257
U1719,91476,42791,48685,9516,116,0.5322161003979186,0.10402728584546767,0.46778389960208144
U1720,74811,38448,36363,14559,61,0.48606488350643623,0.19461041825400008,0.5139351164935638
U1721,66208,42631,23577,16701,25,0.3561050024166264,0.2522504833252779,0.6438949975833737
U1722,50150,34225,15925,2396,42,0.31754735792622135,0.04777666999002991,0.6824526420737786
U1723,101180,62469,38711,18546,108,0.3825953745799565,0.1832970942874086,0.6174046254200435
U1724,73286,32264,41022,19129,142,0.5597522036951122,0.26101847556149876,0.4402477963048877
U1725,142856,57414,85442,1591,70,0.5980987847902783,0.011137089096712774,0.40190121520972166
U1726,98450,57612,40838,11303,30,0.4148095479939055,0.11480954799390554,0.5851904520060944
U1727,51352,34635,16717,6183,31,0.325537466895155,0.12040426857766007,0.6744625331048449
U1728,85069,73658,11411,1312,93,0.1341381701912565,0.015422774453678779,0.8658618298087435
U1729,141888,66624,75264,7314,27,0.530446549391069,0.05154769959404601,0.469553450608931
U1730,140448,86882,53566,18767,60,0.38139382547277284,0.13362240829346092,0.6186061745272271
U1731,44397,19814,24583,19623,104,0.5537085839133274,0.4419893236029461,0.4462914160866725
U1732,71555,62588,8967,2139,91,0.12531619034309271,0.029893089232059255,0.8746838096569073
U1733,76959,59187,17772,14688,74,0.23092815655089075,0.1908548707753479,0.7690718434491093
U1734,30728,14586,16142,18088,66,0.5253189273626659,0.5886487893777662,0.474681072637334
U1735,80517,53455,27062,6924,123,0.33610293478395864,0.08599426208129961,0.6638970652160413
U1736,149180,132650,16530,362,61,0.11080573803458908,0.00242659873977745,0.889194261965411
U1737,96234,71894,24340,18988,79,0.2529251615853025,0.19731072178232226,0.7470748384146975
U1738,69954,58631,11323,13481,31,0.161863510306773,0.1927123538325185,0.838136489693227
U1739,77280,49966,27314,3738,149,0.35344202898550725,0.0483695652173913,0.6465579710144927
U1740,109459,85004,24455,2469,26,0.22341698718241534,0.022556390977443608,0.7765830128175847
U1741,46779,35912,10867,16106,99,0.2323050941661857,0.3442997926419975,0.7676949058338143
U1742,93932,44456,49476,16940,128,0.526721458076055,0.18034322701528765,0.473278541923945
U1743,102936,89486,13450,9017,22,0.13066371337530117,0.08759811921970934,0.8693362866246989
U1744,54466,24697,29769,2808,46,0.5465611574193074,0.05155509859361804,0.45343884258069256
U1745,66939,48345,18594,16370,133,0.27777528794872947,0.2445510091277133,0.7222247120512706
U1746,99896,57281,42615,14870,126,0.42659365740369987,0.14885480900136142,0.5734063425963002
U1747,65270,33023,32247,12713,59,0.4940554619273786,0.1947755477248353,0.5059445380726214
U1748,89163,43458,45705,7561,148,0.5126005181521484,0.08479974877471597,0.4873994818478517
U1749,112637,85321,27316,2719,27,0.24251356126317286,0.02413949235153635,0.7574864387368272
U1750,81934,48169,33765,11700,120,0.41209998291307637,0.14279786169355824,0.5879000170869236
U1751,94895,53679,41216,3741,143,0.43433268349228094,0.03942251962695611,0.5656673165077191
U1752,62307,52013,10294,9766,126,0.16521418139213892,0.15674001316064007,0.834785818607861
U1753,84098,74909,9189,3998,120,0.1092653808651811,0.04753977502437632,0.8907346191348189
U1754,90921,51446,39475,18787,23,0.43416812397575916,0.20662993147897626,0.5658318760242408
U1755,35486,30653,4833,16077,129,0.1361945555993913,0.45305190779462323,0.8638054444006087
U1756,38335,16166,22169,294,38,0.5782965958001826,0.007669231772531629,0.4217034041998174
U1757,116900,54071,62829,10177,51,0.537459366980325,0.08705731394354149,0.46254063301967496
U1758,132795,69542,63253,9882,31,0.47632064460258294,0.07441545238902067,0.5236793553974171
U1759,119112,67400,51712,1136,65,0.43414601383571766,0.009537242259386123,0.5658539861642824
U1760,127203,74627,52576,2064,138,0.4133235851355707,0.01622603240489611,0.5866764148644293
U1761,41130,30984,10146,7009,35,0.24668125455871626,0.17041089229273038,0.7533187454412837
U1762,117508,64863,52645,12987,148,0.4480120502433877,0.11052013479933281,0.5519879497566124
U1763,135955,54798,81157,4543,82,0.5969401640248612,0.03341546835349932,0.40305983597513884
U1764,148324,79040,69284,1007,128,0.46711253741808473,0.006789191230009978,0.5328874625819152
U1765,90566,36839,53727,5445,138,0.5932358721816134,0.06012190005079169,0.4067641278183866
U1766,96703,62730,33973,10706,40,0.35131278243694614,0.1107101124060267,0.6486872175630539
U1767,57192,44902,12290,14749,32,0.2148901944327878,0.25788571828227724,0.7851098055672122
U1768,31062,13579,17483,11718,23,0.5628420578198442,0.3772455089820359,0.4371579421801558
U1769,114076,58301,55775,9439,121,0.4889284336757951,0.08274308355832953,0.5110715663242049
U1770,119780,57011,62769,13281,78,0.5240357321756554,0.11087827684087494,0.47596426782434464
U1771,51545,42887,8658,1435,147,0.16796973518284994,0.02783975167329518,0.83203026481715
U1772,51689,29925,21764,571,46,0.4210567045212715,0.011046837818491362,0.5789432954787286
U1773,41174,26688,14486,2382,88,0.351823966580852,0.05785204255112449,0.648176033419148
U1774,118461,51475,66986,5084,44,0.5654688040789796,0.04291707819451127,0.4345311959210204
U1775,133033,110986,22047,16661,116,0.16572579735855014,0.12523960220396443,0.8342742026414499
U1776,39348,17044,22304,13507,44,0.566839483582393,0.34327030598759783,0.433160516417607
U1777,53714,33166,20548,7059,145,0.3825445880031277,0.13141825222474587,0.6174554119968724
U1778,68102,61141,6961,18271,28,0.10221432557046783,0.2682887433555549,0.8977856744295322
U1779,104460,67442,37018,12771,135,0.35437488033697107,0.12225732337736933,0.6456251196630289
U1780,132634,55133,77501,17649,79,0.5843222703077642,0.13306542817075562,0.41567772969223576
U1781,119930,94849,25081,7491,140,0.20913032602351372,0.06246143583757192,0.7908696739764863
U1782,36801,16431,20370,14527,127,0.5535175674574061,0.39474470802423844,0.44648243254259395
U1783,133150,58899,74251,17424,127,0.5576492677431468,0.1308599324070597,0.4423507322568532
U1784,102267,79526,22741,14859,95,0.2223688971026822,0.14529613658364868,0.7776311028973178
U1785,78136,54475,23661,8073,49,0.30281816320262106,0.10331985256475888,0.6971818367973789
U1786,53625,21600,32025,9077,40,0.5972027972027972,0.16926806526806526,0.4027972027972028
U1787,112873,67988,44885,19136,53,0.3976593162226573,0.16953567283584206,0.6023406837773426
U1788,130843,78715,52128,11383,60,0.39840113724081533,0.08699739382313154,0.6015988627591847
U1789,102592,90813,11779,16378,70,0.1148140205864005,0.15964207735495944,0.8851859794135996
U1790,107052,48624,58428,2353,101,0.5457908306243695,0.021979972349886037,0.45420916937563055
U1791,74261,37099,37162,4799,77,0.5004241795828227,0.06462342279258292,0.49957582041717724
U1792,31542,13839,17703,17070,94,0.5612516644474035,0.541183184325661,0.4387483355525965
U1793,51677,23396,28281,11939,42,0.5472647406002671,0.23103121311221628,0.45273525939973297
U1794,76732,29466,47266,2428,147,0.6159881144763593,0.031642600218943856,0.38401188552364074
U1795,80343,40187,40156,11296,36,0.4998070771566907,0.1405971895498052,0.5001929228433093
U1796,69081,58050,11031,7813,88,0.1596821123029487,0.11309911553104326,0.8403178876970513
U1797,92856,43227,49629,14414,127,0.5344727319720858,0.15522960282588094,0.46552726802791417
U1798,123105,63669,59436,11801,113,0.4828073595710978,0.09586125665082652,0.5171926404289021
U1799,118858,61838,57020,11745,34,0.47973211731646165,0.09881539315822242,0.5202678826835383
U1800,49065,24435,24630,13025,110,0.5019871598899419,0.26546418016916334,0.4980128401100581
U1801,113460,100549,12911,3356,52,0.1137934073682355,0.029578706151947822,0.8862065926317645
U1802,118092,43246,74846,14288,144,0.6337939911255631,0.12099041425329404,0.3662060088744369
U1803,84693,53391,31302,6540,35,0.36959370904325034,0.07722007722007722,0.6304062909567497
U1804,56962,39392,17570,16422,85,0.30845124820055475,0.2882974614655384,0.6915487517994452
U1805,58295,45985,12310,3342,66,0.21116733853675274,0.057329101981302,0.7888326614632473
U1806,43807,15738,28069,9078,143,0.640742347113475,0.20722715547743512,0.359257652886525
U1807,72348,39010,33338,2844,20,0.4608005749986178,0.03931000165864986,0.5391994250013822
U1808,56432,19917,36515,10396,106,0.6470619506662886,0.1842217181740856,0.35293804933371137
U1809,113285,72925,40360,17482,147,0.35626958555854704,0.15431875358608818,0.643730414441453
U1810,136995,67821,69174,18207,86,0.5049381364283368,0.13290266068104675,0.4950618635716632
U1811,121792,55677,66115,13998,23,0.5428517472411981,0.11493365738307935,0.4571482527588019
U1812,87854,31428,56426,13261,66,0.6422701299883898,0.1509436109909623,0.35772987001161016
U1813,70262,43499,26763,19539,57,0.38090290626512197,0.2780877287865418,0.619097093734878
U1814,67080,41982,25098,3093,40,0.3741502683363149,0.04610912343470483,0.6258497316636852
U1815,31324,15320,16004,11722,76,0.510918145830673,0.37421785212616526,0.48908185416932703
U1816,121267,84734,36533,19280,136,0.30126085414828435,0.15898801817477137,0.6987391458517156
U1817,65909,58128,7781,11645,65,0.1180567145609856,0.1766830023213825,0.8819432854390143
U1818,119339,43306,76033,15083,58,0.637117790495982,0.12638785309077502,0.36288220950401795
U1819,49870,20862,29008,988,118,0.5816723481050732,0.0198115099258071,0.4183276518949268
U1820,64578,48277,16301,6446,96,0.25242342593452877,0.0998172752330515,0.7475765740654712
U1821,102124,54030,48094,16335,134,0.47093729191962713,0.15995260663507108,0.5290627080803729
U1822,147611,51837,95774,16133,110,0.6488269844388291,0.10929402280317863,0.3511730155611709
U1823,133605,81759,51846,1682,117,0.3880543392837094,0.012589349201002957,0.6119456607162905
U1824,56790,24163,32627,5626,139,0.5745201620003522,0.0990667371016024,0.42547983799964784
U1825,148874,105417,43457,7424,65,0.29190456359068745,0.04986767333449763,0.7080954364093126
U1826,55289,31463,23826,12857,57,0.43093562914865524,0.23254173524570892,0.5690643708513448
U1827,85129,69669,15460,12155,119,0.18160673800937402,0.1427833053366068,0.818393261990626
U1828,123714,88113,35601,17317,91,0.28776856297589604,0.1399760738477456,0.712231437024104
U1829,124246,94205,30041,19982,54,0.24178645590200087,0.16082610305361944,0.7582135440979991
U1830,45485,17070,28415,11425,49,0.6247114433329669,0.2511817082554688,0.3752885566670331
U1831,74482,33687,40795,1980,97,0.5477162267393464,0.0265836040922639,0.45228377326065355
U1832,116188,46698,69490,15522,103,0.598082418149895,0.133593830688195,0.401917581850105
U1833,34748,20721,14027,19440,132,0.4036779095199724,0.5594566593760792,0.5963220904800276
U1834,116769,45815,70954,8984,44,0.6076441521294179,0.0769382284681722,0.3923558478705821
U1835,39435,15709,23726,17175,107,0.60164828198301,0.4355268162799544,0.39835171801699
U1836,33709,15288,18421,15883,33,0.546471268800617,0.4711798036132784,0.453528731199383
U1837,60355,40043,20312,5390,121,0.336542125755944,0.0893049457377185,0.663457874244056
U1838,85771,34192,51579,18639,102,0.6013571020508097,0.21731121241445245,0.3986428979491903
U1839,87799,74562,13237,19994,129,0.15076481508901013,0.2277246893472591,0.8492351849109899
U1840,43116,32767,10349,1607,38,0.240026904165507,0.03727154652565173,0.759973095834493
U1841,55470,24183,31287,6573,47,0.5640346133044889,0.11849648458626284,0.4359653866955111
U1842,72344,62884,9460,17368,90,0.13076412694902134,0.2400751962844189,0.8692358730509786
U1843,72918,39732,33186,5776,82,0.4551139636303793,0.07921226583285335,0.5448860363696206
U1844,82224,52033,30191,3676,92,0.3671798988129986,0.04470714146721152,0.6328201011870014
U1845,69298,52216,17082,3380,143,0.2465006205085284,0.04877485641721262,0.7534993794914716
U1846,138492,119005,19487,8711,138,0.1407084885769575,0.06289894001097536,0.8592915114230425
U1847,110219,94760,15459,8782,140,0.14025712445222693,0.07967773251435778,0.8597428755477731
U1848,91629,49446,42183,17434,38,0.46036735094784403,0.19026727346145872,0.539632649052156
U1849,96040,74494,21546,13997,139,0.22434402332361517,0.14574135776759684,0.7756559766763849
U1850,129518,55909,73609,6342,80,0.5683302706959651,0.04896616686483732,0.43166972930403497
U1851,129835,64066,65769,17343,49,0.5065583240266492,0.1335772326414295,0.4934416759733508
U1852,58016,38165,19851,6059,28,0.3421642305570877,0.10443670711527854,0.6578357694429123
U1853,53960,25312,28648,8884,83,0.5309117865085249,0.16464047442550037,0.46908821349147517
U1854,63591,22645,40946,5655,139,0.6438961488260917,0.08892767844506298,0.35610385117390825
U1855,112848,73263,39585,12091,71,0.35078158230540196,0.10714412306819793,0.6492184176945981
U1856,133333,114057,19276,19330,108,0.14457036142590357,0.14497536243840609,0.8554296385740965
U1857,141732,63400,78332,15251,72,0.5526768831315441,0.10760449298676375,0.44732311686845594
U1858,144821,108689,36132,526,97,0.24949420318876406,0.003632069934608931,0.750505796811236
U1859,97641,69705,27936,3224,60,0.2861093188312287,0.0330189162339591,0.7138906811687713
U1860,66395,28224,38171,15069,87,0.5749077490774908,0.22695986143534905,0.42509225092250924
U1861,141276,81744,59532,11536,27,0.42138792151533166,0.08165576601829044,0.5786120784846683
U1862,52700,19926,32774,13547,21,0.6218975332068312,0.2570588235294118,0.3781024667931689
U1863,64620,26348,38272,18259,124,0.5922624574435159,0.2825595790776849,0.40773754255648403
U1864,133214,63459,69755,1763,144,0.5236311498791418,0.013234344738540994,0.47636885012085817
U1865,50559,44746,5813,8712,129,0.11497458414921181,0.1723135346822524,0.8850254158507882
U1866,123045,70863,52182,5797,105,0.4240887480190174,0.04711284489414442,0.5759112519809826
U1867,123396,108075,15321,9208,139,0.1241612369930954,0.07462154364809231,0.8758387630069046
U1868,91642,51551,40091,5109,146,0.4374740839353135,0.05574954715086969,0.5625259160646865
U1869,106539,54554,51985,16500,35,0.48794338223561323,0.15487286345845183,0.5120566177643867
U1870,51732,38898,12834,2433,81,0.24808629088378567,0.04703085131060079,0.7519137091162144
U1871,121362,86002,35360,16967,132,0.2913597336892932,0.13980488126431667,0.7086402663107068
U1872,60354,33012,27342,4167,31,0.453027139874739,0.06904264837458991,0.5469728601252609
U1873,43843,26599,17244,17773,54,0.39331250142554114,0.4053782815956937,0.6066874985744589
U1874,140008,60444,79564,8357,30,0.568281812467859,0.0596894463173533,0.43171818753214103
U1875,144065,96711,47354,6154,83,0.32869885121299414,0.04271682920903759,0.6713011487870059
U1876,101726,89351,12375,8920,69,0.1216503155535458,0.08768653048384877,0.8783496844464542
U1877,47640,21233,26407,18427,88,0.5543031066330815,0.3867968094038623,0.44569689336691853
U1878,82528,45083,37445,19880,67,0.45372479643272584,0.2408879410624273,0.5462752035672741
U1879,68413,31235,37178,17162,39,0.5434347273179074,0.25085875491500154,0.45656527268209257
U1880,82638,69851,12787,213,120,0.1547351097558024,0.002577506716038626,0.8452648902441976
U1881,82736,29069,53667,3762,87,0.6486535486366274,0.04546992844710888,0.35134645136337267
U1882,137892,67843,70049,13399,54,0.507999013720883,0.09717024918051809,0.492000986279117
U1883,140133,108768,31365,9768,84,0.2238230823574747,0.0697052086232365,0.7761769176425253
U1884,136357,64247,72110,10640,27,0.5288324031769546,0.07803046414925527,0.4711675968230454
U1885,98866,36027,62839,6731,64,0.6355976776647179,0.06808205045212712,0.3644023223352821
U1886,49087,36513,12574,19501,106,0.25615743475869374,0.3972742273921812,0.7438425652413062
U1887,71430,44552,26878,5791,95,0.3762844743105138,0.08107237855242895,0.6237155256894862
U1888,54504,44168,10336,15822,95,0.1896374578012623,0.29029062087186264,0.8103625421987377
U1889,37114,23797,13317,8783,66,0.35881338578434013,0.23664924287330927,0.6411866142156598
U1890,108859,76911,31948,13621,34,0.29348055741831175,0.12512516190668663,0.7065194425816882
U1891,129657,68999,60658,16019,124,0.4678343629730751,0.12354905635638647,0.5321656370269249
U1892,40975,20602,20373,2720,45,0.49720561317876755,0.06638194020744356,0.5027943868212325
U1893,41023,15245,25778,8905,71,0.6283792019111231,0.2170733490968481,0.371620798088877
U1894,51447,37494,13953,9127,112,0.2712111493381538,0.17740587400625887,0.7287888506618462
U1895,120469,68213,52256,16385,40,0.4337713436651753,0.13601009388307364,0.5662286563348248
U1896,53959,31138,22821,6368,70,0.4229322263199837,0.11801553031005023,0.5770677736800163
U1897,96203,52661,43542,14056,57,0.45260542810515264,0.14610770973878154,0.5473945718948473
U1898,149156,60050,89106,12236,39,0.5974013784225911,0.08203491646330018,0.4025986215774089
U1899,59703,45923,13780,18333,74,0.23080917206840526,0.3070699964825888,0.7691908279315948
U1900,39337,20199,19138,14451,111,0.48651396903678473,0.36736405928260923,0.5134860309632153
U1901,76427,30514,45913,17301,47,0.6007431928506941,0.22637287869470213,0.3992568071493059
U1902,91529,47985,43544,19558,23,0.4757399294212763,0.21368090987555857,0.5242600705787237
U1903,132023,91478,40545,10433,95,0.30710558008831795,0.07902410943547715,0.6928944199116821
U1904,114665,49873,64792,15525,86,0.5650547246326255,0.13539440980246806,0.43494527536737454
U1905,135787,70456,65331,89,105,0.48112853218643903,0.0006554382967441655,0.518871467813561
U1906,61921,45252,16669,18093,110,0.26919784887194975,0.2921948934933221,0.7308021511280502
U1907,63307,37323,25984,10361,124,0.4104443426477325,0.1636627861058019,0.5895556573522676
U1908,57355,39219,18136,16369,20,0.3162060849097725,0.28539796007322815,0.6837939150902276
U1909,133268,72634,60634,3041,91,0.4549779391902032,0.022818681153765345,0.5450220608097968
U1910,34835,17980,16855,105,106,0.4838524472513277,0.0030142098464188316,0.5161475527486723
U1911,50159,17756,32403,9078,25,0.6460057018680596,0.18098446938734825,0.35399429813194044
U1912,134346,102333,32013,18279,80,0.23828770488142556,0.13605913090080837,0.7617122951185744
U1913,77605,37722,39883,6090,31,0.5139230719670125,0.07847432510791831,0.4860769280329876
U1914,135616,64366,71250,6082,25,0.5253804860783389,0.044847215667767816,0.4746195139216612
U1915,68088,53850,14238,17018,46,0.20911173775114558,0.24994125249676888,0.7908882622488544
U1916,108752,63980,44772,1925,143,0.41168898043254376,0.017700823892893923,0.5883110195674562
U1917,85284,31837,53447,18440,125,0.6266943389146851,0.2162187514656911,0.37330566108531493
U1918,87043,74970,12073,6917,112,0.13870156129728983,0.07946647059499327,0.8612984387027102
U1919,65547,37197,28350,19528,128,0.4325140738706577,0.29792362732085376,0.5674859261293423
U1920,127007,72682,54325,552,118,0.42773232971411024,0.004346217137638083,0.5722676702858898
U1921,112844,79425,33419,3911,54,0.29615221013080006,0.03465846655559888,0.7038477898691999
U1922,57532,47146,10386,3389,103,0.18052562052423,0.058906347771674895,0.81947437947577
U1923,64349,45147,19202,13629,75,0.2984040156024181,0.21179816314161837,0.701595984397582
U1924,148012,83892,64120,2430,68,0.43320811826068156,0.01641758776315434,0.5667918817393184
U1925,75445,40519,34926,458,65,0.46293326264165946,0.006070647491550136,0.5370667373583405
U1926,35713,20898,14815,13395,132,0.41483493405762606,0.37507350264609524,0.5851650659423739
U1927,86178,68563,17615,207,62,0.20440251572327045,0.002402005152126993,0.7955974842767296
U1928,79407,33547,45860,899,143,0.5775309481531855,0.011321420025942297,0.4224690518468145
U1929,100340,45944,54396,11653,116,0.5421168028702412,0.11613514052222444,0.45788319712975883
U1930,80990,51039,29951,16405,109,0.3698110877886159,0.20255587109519693,0.6301889122113841
U1931,105672,41102,64570,8601,58,0.6110417139828904,0.08139336815807403,0.3889582860171095
U1932,95545,58169,37376,894,104,0.3911873986079858,0.009356847558741953,0.6088126013920142
U1933,114791,72358,42433,514,81,0.3696544154158427,0.00447770295580664,0.6303455845841573
U1934,88141,59739,28402,4109,125,0.3222336937407109,0.046618486289014195,0.6777663062592891
U1935,53793,48167,5626,13258,126,0.10458609856301006,0.2464632944806945,0.89541390143699
U1936,86570,31817,54753,15313,73,0.6324708328520272,0.17688575719071273,0.36752916714797274
U1937,125084,74728,50356,15349,145,0.4025774679415433,0.12270953918966454,0.5974225320584567
U1938,67892,46309,21583,7179,28,0.31790196193955106,0.1057414717492488,0.682098038060449
U1939,31015,27201,3814,10326,107,0.12297275511849105,0.3329356762856682,0.877027244881509
U1940,91813,34734,57079,11787,56,0.6216875605851023,0.12838051256358032,0.37831243941489767
U1941,57712,33436,24276,1560,68,0.4206404214028278,0.02703077349598004,0.5793595785971721
U1942,130497,110292,20205,13612,60,0.15483114554357572,0.10430891131596895,0.8451688544564243
U1943,38415,16999,21416,17650,36,0.5574905635819342,0.4594559416894442,0.44250943641806584
U1944,141854,76638,65216,19811,107,0.4597402963610473,0.1396576762022925,0.5402597036389527
U1945,142816,66178,76638,4780,40,0.5366205467174546,0.03346963925610576,0.4633794532825454
U1946,92292,62411,29881,18311,70,0.3237658735318337,0.19840289515884366,0.6762341264681663
U1947,53833,38074,15759,11894,78,0.29273865472851224,0.22094254453587947,0.7072613452714878
U1948,34158,27208,6950,2356,60,0.2034662450963171,0.06897359330171556,0.7965337549036828
U1949,92680,48631,44049,4790,58,0.475280535174795,0.05168321104876996,0.524719464825205
U1950,50309,19350,30959,16690,30,0.6153769703234013,0.3317497863205391,0.3846230296765986
U1951,36970,14245,22725,10181,96,0.6146875845279957,0.27538544766026507,0.38531241547200434
U1952,102474,39714,62760,7057,146,0.612448035599274,0.06886624899974628,0.38755196440072603
U1953,116704,53206,63498,16082,65,0.5440944612009871,0.13780161776802852,0.4559055387990129
U1954,76540,56020,20520,661,64,0.268095113666057,0.00863600731643585,0.731904886333943
U1955,50384,30666,19718,4644,20,0.3913543982216577,0.09217211813274055,0.6086456017783424
U1956,48017,21000,27017,15711,127,0.5626548930587084,0.3271966178645063,0.43734510694129164
U1957,105880,91388,14492,2920,38,0.13687193048734417,0.027578390630902908,0.8631280695126559
U1958,135570,99156,36414,16002,95,0.2685992476211551,0.11803496348749723,0.7314007523788448
U1959,38702,32234,6468,14025,91,0.1671231460906413,0.3623843729006253,0.8328768539093587
U1960,30384,18253,12131,8946,128,0.39925618746708796,0.2944312796208531,0.6007438125329121
U1961,30404,19921,10483,12732,31,0.34479015918958034,0.41876068938297595,0.6552098408104197
U1962,70943,27472,43471,6236,64,0.612759539348491,0.08790155476932185,0.38724046065150897
U1963,77926,69411,8515,16309,109,0.1092703333932192,0.20928829915560918,0.8907296666067808
U1964,59189,35012,24177,13518,122,0.4084711686293061,0.22838703137407287,0.5915288313706939
U1965,42763,37760,5003,352,27,0.11699366274583167,0.008231415008301568,0.8830063372541683
U1966,48384,32372,16012,7005,110,0.33093584656084657,0.14477926587301587,0.6690641534391535
U1967,90100,79976,10124,14036,106,0.11236403995560489,0.1557824639289678,0.8876359600443952
U1968,128142,47843,80299,16542,103,0.6266407579091945,0.1290911644893946,0.3733592420908055
U1969,39860,29177,10683,956,101,0.2680130456598093,0.02398394380331159,0.7319869543401907
U1970,134293,48815,85478,2071,87,0.6365037641574766,0.015421503726925453,0.36349623584252344
U1971,110642,66215,44427,8595,146,0.4015382946801396,0.07768297753113645,0.5984617053198604
U1972,80612,47059,33553,15140,101,0.41622835309879425,0.18781322879968243,0.5837716469012058
U1973,53574,39254,14320,12803,103,0.26729383656251166,0.23897786239593832,0.7327061634374883
U1974,53524,41241,12283,3453,132,0.22948583812868995,0.06451311561168821,0.77051416187131
U1975,99172,75953,23219,6675,95,0.23412858468116002,0.06730730448110353,0.76587141531884
U1976,40916,18716,22200,955,141,0.5425750317724117,0.023340502492912307,0.4574249682275882
U1977,34809,21466,13343,6295,60,0.383320405642219,0.18084403458875578,0.6166795943577811
U1978,62201,35088,27113,15921,21,0.43589331361232136,0.25596051510425877,0.5641066863876787
U1979,83330,46365,36965,18096,48,0.44359774390975637,0.2171606864274571,0.5564022560902436
U1980,43456,38897,4559,15282,124,0.10491071428571429,0.35166605301914583,0.8950892857142857
U1981,143748,115929,27819,4703,70,0.19352617079889808,0.032716976931852965,0.8064738292011019
U1982,86397,32158,54239,6563,94,0.627788001898214,0.07596328576223711,0.37221199810178596
U1983,68765,35750,33015,12003,29,0.48011342979713517,0.1745510070530066,0.5198865702028649
U1984,64816,34021,30795,10817,70,0.4751141693409035,0.16688780548012835,0.5248858306590966
U1985,75106,41883,33223,11171,137,0.44234814795089605,0.14873645248049425,0.557651852049104
U1986,83932,31469,52463,12582,140,0.6250655292379546,0.14990706762617356,0.37493447076204545
U1987,47100,29390,17710,12201,58,0.37600849256900215,0.25904458598726116,0.6239915074309978
U1988,87091,54832,32259,17778,47,0.3704056676350025,0.20413131092765038,0.6295943323649975
U1989,51949,26549,25400,12473,22,0.48894107682534793,0.2401008681591561,0.5110589231746521
U1990,100080,40313,59767,9461,103,0.5971922462030376,0.0945343725019984,0.40280775379696243
U1991,67744,40463,27281,15596,136,0.4027072508266415,0.23021965044874823,0.5972927491733585
U1992,75543,44925,30618,529,21,0.40530558754616575,0.007002634261281654,0.5946944124538343
U1993,138319,68285,70034,19342,112,0.5063223418330092,0.13983617579652832,0.4936776581669908
U1994,122193,93698,28495,19975,113,0.23319666429337196,0.16347090258852798,0.7668033357066281
U1995,66187,30839,35348,12765,59,0.5340625802650067,0.19286264674331818,0.46593741973499325
U1996,142734,100472,42262,13910,21,0.296089228915325,0.09745400535261395,0.703910771084675
U1997,37239,16709,20530,11561,100,0.5513037407019522,0.31045409382636485,0.44869625929804774
U1998,44489,17997,26492,9131,31,0.5954730382791251,0.20524174515048663,0.4045269617208748
U1999,144937,119225,25712,525,84,0.17740121570061476,0.0036222634661956573,0.8225987842993853
