User_ID,Income,Expense,Savings,Debt_Payment,Transaction_Count
U1000,45795,31698,14097,10357,97
U1001,30860,12799,18061,17154,21
U1002,133694,78497,55197,4363,138
U1003,149879,90701,59178,10176,56
U1004,140268,124057,16211,17461,88
U1005,106820,74824,31996,8427,60
U1006,84886,42046,42840,8580,81
U1007,36265,22034,14231,4858,79
U1008,112386,92805,19581,10040,144
U1009,67194,30963,36231,19198,130
U1010,117498,91707,25791,19758,33
U1011,142727,88346,54381,15254,103
U1012,74131,33406,40725,11470,149
U1013,90263,66179,24084,1252,89
U1014,46023,26624,19399,6996,142
U1015,71090,38630,32460,12173,108
U1016,97221,51541,45680,4673,47
U1017,94820,68613,26207,15781,85
U1018,30769,14269,16500,13051,24
U1019,89735,56357,33378,6881,64
U1020,92955,67422,25533,6949,66
U1021,94925,70011,24914,9521,50
U1022,97969,44502,53467,8017,29
U1023,35311,15617,19694,6941,137
U1024,133355,89523,43832,10209,33
U1025,134724,65011,69713,17715,99
U1026,113104,58212,54892,9550,112
U1027,83707,42764,40943,4637,29
U1028,115305,92751,22554,4854,95
U1029,58693,27532,31161,19561,113
U1030,101932,89988,11944,10320,124
U1031,123016,58489,64527,18564,20
U1032,136970,111986,24984,4892,39
U1033,55658,34487,21171,7043,27
U1034,114478,50300,64178,16521,20
U1035,48431,33328,15103,19856,76
U1036,32747,12602,20145,19216,83
U1037,89150,49221,39929,19963,137
U1038,95725,53887,41838,4164,47
U1039,114654,83031,31623,7941,140
U1040,65773,59149,6624,14388,126
U1041,149346,92874,56472,5569,68
U1042,97435,45274,52161,4300,139
U1043,86886,46800,40086,6269,63
U1044,96803,37148,59655,3818,75
U1045,61551,47709,13842,12015,130
U1046,146216,72487,73729,12234,127
U1047,41394,33477,7917,18290,133
U1048,99092,78861,20231,6254,97
U1049,33890,17767,16123,17144,149
U1050,71606,42359,29247,7350,56
U1051,126276,46207,80069,15183,39
U1052,110038,89107,20931,6238,45
U1053,117313,95757,21556,6090,48
U1054,40627,25465,15162,11637,20
U1055,38792,27367,11425,12647,138
U1056,138859,60338,78521,9911,54
U1057,138557,95992,42565,8472,78
U1058,103969,47509,56460,18271,88
U1059,73001,34317,38684,3266,31
U1060,106552,60145,46407,666,39
U1061,53897,32566,21331,4188,62
U1062,98148,35280,62868,17055,145
U1063,53483,30670,22813,10161,69
U1064,78555,53533,25022,11314,48
U1065,47159,32350,14809,12891,58
U1066,140510,66616,73894,4777,57
U1067,136530,96300,40230,3900,103
U1068,110077,44270,65807,13716,147
U1069,65920,41356,24564,6981,145
U1070,122067,85140,36927,6376,64
U1071,97121,73740,23381,16907,71
U1072,99479,41886,57593,18777,99
U1073,119475,84175,35300,18977,143
U1074,49457,37108,12349,10160,138
U1075,96557,67004,29553,14124,27
U1076,107189,65742,41447,16282,104
U1077,139109,118876,20233,10488,148
U1078,108953,62456,46497,5240,27
U1079,82995,71186,11809,10453,115
U1080,70757,32361,38396,10478,121
U1081,39692,28217,11475,12394,24
U1082,75758,63741,12017,19262,105
U1083,102409,42434,59975,4432,53
U1084,101211,84537,16674,13568,74
U1085,95697,59326,36371,14178,138
U1086,67065,35298,31767,17660,133
U1087,122093,69149,52944,302,45
U1088,129299,63947,65352,17022,66
U1089,62606,36050,26556,55,132
U1090,41534,37188,4346,13013,95
U1091,124663,96793,27870,8717,91
U1092,70397,26807,43590,8150,108
U1093,121387,64537,56850,2125,65
U1094,31016,17168,13848,11479,52
U1095,119789,49962,69827,15745,20
U1096,85591,61734,23857,16748,50
U1097,119812,69668,50144,6809,72
U1098,53247,41809,11438,4621,67
U1099,54300,19790,34510,15034,88
U1100,104065,42561,61504,13623,124
U1101,112798,45823,66975,5126,109
U1102,39268,32543,6725,5122,82
U1103,116807,66254,50553,18030,92
U1104,42185,35302,6883,17302,108
U1105,93704,47769,45935,19181,32
U1106,116779,46491,70288,5870,92
U1107,69099,58888,10211,1531,96
U1108,38571,17306,21265,8172,87
U1109,135512,89690,45822,19729,117
U1110,68044,51531,16513,7673,144
U1111,81214,31660,49554,6882,121
U1112,91228,47777,43451,1906,121
U1113,144752,53015,91737,3086,38
U1114,78984,29576,49408,13503,101
U1115,70774,35683,35091,8152,42
U1116,32568,19954,12614,5750,102
U1117,92592,53707,38885,12772,128
U1118,97563,39645,57918,10267,94
U1119,32695,22025,10670,1062,148
U1120,78190,36935,41255,18360,107
U1121,35258,30163,5095,17680,73
U1122,117538,101662,15876,6229,108
U1123,69504,29183,40321,16509,84
U1124,63159,22445,40714,15147,95
U1125,43986,26576,17410,4632,79
U1126,91858,48916,42942,6288,112
U1127,42666,23424,19242,3596,68
U1128,68660,24169,44491,11475,54
U1129,33561,12104,21457,6168,121
U1130,56854,41213,15641,9795,30
U1131,94505,42790,51715,7561,118
U1132,134488,77724,56764,8258,129
U1133,82251,54666,27585,16616,93
U1134,52662,34427,18235,6371,28
U1135,38392,18441,19951,14369,22
U1136,60535,47949,12586,12910,104
U1137,108603,51294,57309,7943,45
U1138,143569,114171,29398,12199,91
U1139,82256,68209,14047,15728,67
U1140,119135,97265,21870,6738,136
U1141,65222,42381,22841,15913,31
U1142,107373,57799,49574,2472,67
U1143,109575,95520,14055,19123,56
U1144,126354,91063,35291,15679,63
U1145,114651,84822,29829,1761,34
U1146,93335,72340,20995,10167,62
U1147,40965,33555,7410,10554,106
U1148,54538,31540,22998,17260,89
U1149,138066,106665,31401,14277,65
U1150,100592,84187,16405,3812,127
U1151,128018,63757,64261,17844,142
U1152,143252,51445,91807,18117,40
U1153,38110,28190,9920,1605,126
U1154,109309,63490,45819,5622,99
U1155,57266,22703,34563,6767,66
U1156,82992,72218,10774,11613,136
U1157,112948,66016,46932,19901,143
U1158,128806,84057,44749,10589,44
U1159,36910,32464,4446,13918,55
U1160,140989,50486,90503,13046,70
U1161,120982,67185,53797,2590,34
U1162,149176,78632,70544,17447,87
U1163,30206,12280,17926,4324,40
U1164,117054,44598,72456,10787,38
U1165,117897,60858,57039,9111,53
U1166,53419,29181,24238,5342,97
U1167,80636,56530,24106,16389,144
U1168,144238,95272,48966,8659,136
U1169,80015,54091,25924,14043,71
U1170,147478,68476,79002,8837,46
U1171,137059,55654,81405,117,54
U1172,84268,55045,29223,13917,125
U1173,140687,50447,90240,18935,21
U1174,117939,87377,30562,14309,96
U1175,48141,18809,29332,13234,109
U1176,110356,39181,71175,5560,108
U1177,135878,77246,58632,846,113
U1178,101910,84319,17591,10954,26
U1179,86044,44008,42036,13703,114
U1180,97214,66296,30918,15385,127
U1181,147930,118193,29737,13746,93
U1182,149324,112274,37050,6469,58
U1183,63827,51874,11953,9333,90
U1184,85820,42905,42915,16608,75
U1185,92623,39584,53039,12819,61
U1186,111734,52088,59646,4208,55
U1187,105450,77604,27846,6283,103
U1188,123426,102153,21273,2048,137
U1189,147845,79809,68036,6233,26
U1190,52299,42813,9486,12941,73
U1191,73585,39281,34304,12607,148
U1192,139225,51182,88043,9765,139
U1193,94044,53793,40251,1828,125
U1194,72557,38385,34172,1917,66
U1195,79080,30486,48594,6988,142
U1196,139556,85437,54119,18410,138
U1197,32693,14978,17715,14594,137
U1198,125003,74137,50866,12977,40
U1199,125259,99060,26199,9,45
U1200,142235,119120,23115,16644,28
U1201,99163,63460,35703,9865,34
U1202,55939,40661,15278,2219,29
U1203,78925,45977,32948,7041,141
U1204,72941,47719,25222,18444,140
U1205,51834,24283,27551,5287,144
U1206,48047,36019,12028,1619,91
U1207,56105,28730,27375,8512,68
U1208,105766,70150,35616,1342,110
U1209,45707,36639,9068,10568,56
U1210,51976,37694,14282,19216,87
U1211,74262,60622,13640,19208,69
U1212,53776,35320,18456,18378,38
U1213,60080,29044,31036,14231,119
U1214,96842,36278,60564,3490,79
U1215,91373,47052,44321,9310,108
U1216,36776,16806,19970,7984,88
U1217,122787,83485,39302,17988,68
U1218,85016,51581,33435,12219,127
U1219,39474,16305,23169,235,138
U1220,135830,73058,62772,10161,56
U1221,88053,54863,33190,1908,30
U1222,51959,36293,15666,8567,97
U1223,35530,31586,3944,3530,96
U1224,124856,70802,54054,5256,21
U1225,149101,88373,60728,19019,83
U1226,33748,17656,16092,8162,54
U1227,127504,81300,46204,18944,26
U1228,128098,64171,63927,5415,104
U1229,43545,37553,5992,3391,86
U1230,96199,60612,35587,11157,61
U1231,64766,35081,29685,5951,137
U1232,103530,36511,67019,8007,144
U1233,123557,94395,29162,9064,43
U1234,91087,49491,41596,15524,65
U1235,125839,55987,69852,19282,38
U1236,146183,104051,42132,77,87
U1237,98840,50500,48340,7577,121
U1238,148451,101804,46647,16984,61
U1239,84384,50070,34314,14060,51
U1240,81005,56161,24844,17449,128
U1241,76576,39107,37469,18520,55
U1242,69353,34776,34577,10535,116
U1243,92003,51426,40577,9510,92
U1244,113211,76599,36612,6943,116
U1245,82733,40546,42187,11954,142
U1246,95318,44247,51071,7804,89
U1247,139953,61849,78104,6565,32
U1248,119474,74607,44867,5984,68
U1249,53664,28546,25118,4670,79
U1250,97172,54630,42542,18574,149
U1251,115616,83192,32424,9184,24
U1252,123264,51210,72054,19096,46
U1253,145386,58180,87206,2192,27
U1254,56736,28249,28487,1248,69
U1255,124209,54863,69346,11246,86
U1256,133041,66695,66346,12790,63
U1257,142859,125969,16890,18381,144
U1258,142181,64801,77380,3687,77
U1259,30854,22326,8528,4018,22
U1260,120084,63310,56774,11302,105
U1261,68623,32623,36000,1970,89
U1262,37392,15101,22291,8389,149
U1263,85680,31368,54312,17586,21
U1264,76717,27948,48769,15374,121
U1265,149937,72287,77650,5788,54
U1266,117092,93789,23303,5408,117
U1267,80859,52622,28237,9446,49
U1268,134095,88802,45293,922,135
U1269,56309,19895,36414,419,27
U1270,117455,102497,14958,18588,63
U1271,93734,77522,16212,10789,55
U1272,100467,45370,55097,1120,96
U1273,82662,50724,31938,11260,50
U1274,128506,112605,15901,17334,66
U1275,139751,77132,62619,2336,74
U1276,148906,126202,22704,5373,125
U1277,42688,36971,5717,2243,140
U1278,55342,24554,30788,19029,74
U1279,67157,38775,28382,4612,31
U1280,97863,40028,57835,13946,22
U1281,136308,107473,28835,18249,49
U1282,82083,41178,40905,11104,42
U1283,136081,104327,31754,13429,111
U1284,95733,74097,21636,6371,134
U1285,119045,57382,61663,6359,123
U1286,64698,32994,31704,7863,137
U1287,140078,117514,22564,3228,24
U1288,110623,56340,54283,14382,123
U1289,52671,43983,8688,18755,127
U1290,55184,24041,31143,2891,84
U1291,123384,96301,27083,3756,140
U1292,72107,63691,8416,15770,49
U1293,116202,99064,17138,16478,103
U1294,139893,72744,67149,2674,51
U1295,81663,57036,24627,6898,35
U1296,45708,18365,27343,10147,57
U1297,121906,58259,63647,793,55
U1298,79811,50106,29705,2116,133
U1299,32811,11919,20892,5779,85
U1300,86250,65783,20467,12298,124
U1301,142547,84215,58332,14153,104
U1302,102082,81860,20222,11111,21
U1303,64754,46527,18227,10789,94
U1304,125742,74759,50983,11397,86
U1305,136642,64390,72252,12999,74
U1306,41411,21683,19728,814,25
U1307,32911,17083,15828,16729,105
U1308,97270,49413,47857,10541,79
U1309,113763,63852,49911,2443,120
U1310,38680,15127,23553,10457,31
U1311,114896,99144,15752,10380,68
U1312,113879,65092,48787,7783,61
U1313,101295,35612,65683,11473,101
U1314,118614,53659,64955,17368,54
U1315,130689,77662,53027,15328,86
U1316,41111,20943,20168,827,99
U1317,67504,39863,27641,19915,26
U1318,31802,20333,11469,7147,33
U1319,38155,21598,16557,4451,92
U1320,103656,51022,52634,15343,85
U1321,69384,55850,13534,13635,110
U1322,142561,95997,46564,5959,149
U1323,77254,45729,31525,126,39
U1324,51918,19399,32519,19561,29
U1325,115981,96971,19010,8795,44
U1326,90713,37339,53374,11641,44
U1327,60306,26692,33614,7196,73
U1328,46646,25553,21093,11559,52
U1329,76843,55173,21670,3368,114
U1330,126601,56547,70054,3797,33
U1331,120735,57906,62829,15114,84
U1332,137512,85842,51670,13718,129
U1333,46371,24156,22215,1792,99
U1334,107371,82988,24383,11053,73
U1335,141472,98281,43191,3476,144
U1336,32049,24603,7446,3417,44
U1337,61616,28581,33035,1645,136
U1338,133727,95492,38235,14755,44
U1339,142893,104250,38643,19414,98
U1340,50932,43666,7266,19256,87
U1341,147796,83625,64171,3072,31
U1342,59855,24116,35739,1854,51
U1343,91434,76758,14676,4662,147
U1344,102694,62859,39835,6514,115
U1345,73016,48291,24725,2708,111
U1346,37400,27177,10223,11694,50
U1347,147858,74190,73668,9524,97
U1348,72642,60629,12013,19891,39
U1349,45151,38654,6497,6456,79
U1350,81407,43767,37640,4212,112
U1351,96690,39117,57573,13224,62
U1352,34499,20933,13566,7970,149
U1353,36295,20521,15774,16920,79
U1354,89040,68659,20381,1625,50
U1355,42183,33772,8411,10314,24
U1356,59299,26492,32807,7973,29
U1357,42874,35621,7253,8577,108
U1358,146336,57010,89326,8070,149
U1359,62711,27519,35192,8666,145
U1360,35539,28647,6892,3600,30
U1361,137941,91427,46514,6783,75
U1362,83351,54854,28497,13226,102
U1363,91267,34167,57100,9146,118
U1364,78354,68580,9774,4971,92
U1365,32557,27321,5236,13490,134
U1366,68360,56367,11993,17589,26
U1367,112018,80636,31382,12951,99
U1368,32200,17631,14569,12312,116
U1369,142476,112234,30242,1990,23
U1370,98497,79332,19165,5299,23
U1371,76975,53527,23448,12997,122
U1372,51357,29966,21391,19956,59
U1373,149121,75670,73451,13472,36
U1374,107505,43944,63561,4380,120
U1375,32869,23684,9185,4757,122
U1376,91135,64899,26236,19097,143
U1377,80108,43409,36699,10395,71
U1378,142296,79599,62697,16241,71
U1379,124179,101734,22445,5588,143
U1380,120272,96135,24137,17350,82
U1381,68467,33784,34683,4944,135
U1382,53328,24496,28832,13395,81
U1383,149181,130569,18612,19816,26
U1384,121412,58705,62707,17072,111
U1385,116831,80780,36051,4243,33
U1386,33987,17737,16250,9916,105
U1387,88871,32420,56451,9984,149
U1388,52399,45772,6627,1759,81
U1389,76214,44182,32032,9181,98
U1390,129522,67337,62185,2482,77
U1391,116416,95320,21096,951,139
U1392,100271,50300,49971,2079,84
U1393,74064,44893,29171,2717,32
U1394,100091,60630,39461,9692,101
U1395,137450,115021,22429,7311,71
U1396,70818,26305,44513,18449,136
U1397,75525,48594,26931,768,45
U1398,49830,25375,24455,5490,53
U1399,47429,22693,24736,15534,71
U1400,36893,18267,18626,6645,131
U1401,146381,105353,41028,5232,101
U1402,109909,47551,62358,11485,61
U1403,77333,65408,11925,5797,40
U1404,33436,25026,8410,19719,61
U1405,104290,38758,65532,12342,132
U1406,106213,64538,41675,8038,124
U1407,35895,25974,9921,16002,36
U1408,49738,44062,5676,13087,139
U1409,60746,36494,24252,4873,148
U1410,79377,43668,35709,1481,149
U1411,78404,56761,21643,10093,79
U1412,84045,50223,33822,19835,67
U1413,127888,97149,30739,14422,48
U1414,69790,54580,15210,16438,116
U1415,137455,82882,54573,7643,29
U1416,35600,30860,4740,19846,77
U1417,124660,71378,53282,15708,40
U1418,123179,100617,22562,11271,47
U1419,70764,45127,25637,17216,53
U1420,104543,54725,49818,12600,27
U1421,75714,51850,23864,10998,98
U1422,86835,60891,25944,14295,106
U1423,132946,93908,39038,10682,107
U1424,139616,72419,67197,16380,88
U1425,135983,110085,25898,8519,106
U1426,103744,91931,11813,19694,120
U1427,86491,49875,36616,3300,27
U1428,48589,33929,14660,6722,96
U1429,73484,34266,39218,7218,106
U1430,112989,100494,12495,3054,62
U1431,66212,56176,10036,13575,148
U1432,73525,40295,33230,7970,128
U1433,77202,34500,42702,2143,36
U1434,62635,48594,14041,9503,40
U1435,93208,36835,56373,15149,77
U1436,63828,32632,31196,18922,129
U1437,48711,18721,29990,12175,47
U1438,33420,13797,19623,8356,70
U1439,126752,106360,20392,15070,24
U1440,30301,14446,15855,822,24
U1441,75236,34348,40888,17327,113
U1442,145294,90631,54663,14289,115
U1443,147858,83631,64227,6150,27
U1444,96235,50740,45495,4425,83
U1445,84240,53955,30285,16032,57
U1446,95726,74850,20876,2198,130
U1447,40492,16330,24162,3452,131
U1448,145668,102796,42872,9106,100
U1449,131279,81968,49311,13859,123
U1450,36102,25463,10639,17692,92
U1451,80336,59245,21091,8705,68
U1452,148015,53206,94809,10112,55
U1453,115314,60002,55312,19978,145
U1454,56641,35017,21624,4841,87
U1455,64584,49457,15127,15358,97
U1456,62745,42267,20478,1409,124
U1457,53093,22796,30297,4566,141
U1458,96105,53247,42858,11382,138
U1459,133746,90602,43144,17939,133
U1460,130199,57519,72680,14596,29
U1461,81885,39363,42522,804,110
U1462,66631,35187,31444,13221,21
U1463,141217,52170,89047,1279,137
U1464,102991,91289,11702,13192,32
U1465,34014,15770,18244,7083,114
U1466,41093,26338,14755,11093,51
U1467,48070,22642,25428,17771,51
U1468,65777,53137,12640,12880,143
U1469,86958,45928,41030,15517,30
U1470,112074,67263,44811,19063,29
U1471,40729,34702,6027,2106,34
U1472,129713,75830,53883,16086,36
U1473,75017,44163,30854,4831,78
U1474,96320,63048,33272,19152,97
U1475,57751,28436,29315,3186,143
U1476,136400,103090,33310,2573,133
U1477,135864,117113,18751,12808,41
U1478,108069,89542,18527,2599,51
U1479,135647,99431,36216,4033,132
U1480,135510,108668,26842,8428,139
U1481,84748,49754,34994,1304,141
U1482,35801,18685,17116,17685,51
U1483,49190,31055,18135,18925,138
U1484,79689,61378,18311,18435,58
U1485,134290,102669,31621,8633,31
U1486,80993,49310,31683,11372,37
U1487,59592,41793,17799,8996,145
U1488,40647,32817,7830,16458,65
U1489,38716,17976,20740,5475,123
U1490,118891,64914,53977,7184,105
U1491,117545,86420,31125,12875,108
U1492,147638,79279,68359,1622,41
U1493,119912,89801,30111,15988,111
U1494,140627,77370,63257,8041,48
U1495,100316,48877,51439,16725,32
U1496,32368,22636,9732,18458,21
U1497,107575,81896,25679,7992,48
U1498,36655,25732,10923,15646,46
U1499,136477,49970,86507,17029,69
U1500,100031,62243,37788,4263,114
U1501,106429,58979,47450,14060,107
U1502,121083,73510,47573,15156,63
U1503,117922,93700,24222,8646,41
U1504,85766,63888,21878,11664,116
U1505,43403,20434,22969,2969,22
U1506,62097,43340,18757,3028,137
U1507,108657,62997,45660,19065,38
U1508,40966,14968,25998,3629,42
U1509,129157,57112,72045,3067,49
U1510,148834,78514,70320,5941,58
U1511,123848,104561,19287,17770,127
U1512,82921,45638,37283,19250,130
U1513,79726,70416,9310,11555,44
U1514,80300,66563,13737,13081,147
U1515,52677,31837,20840,6819,130
U1516,85609,37622,47987,11046,125
U1517,126825,105002,21823,17717,91
U1518,86661,73700,12961,2711,148
U1519,61024,33062,27962,4853,127
U1520,138211,81166,57045,7715,24
U1521,100313,83261,17052,8942,22
U1522,83006,60278,22728,15507,123
U1523,125285,99600,25685,15826,83
U1524,45338,29247,16091,1762,125
U1525,98027,41315,56712,15850,117
U1526,122772,108314,14458,12112,29
U1527,143632,84111,59521,12652,147
U1528,110135,70977,39158,6122,65
U1529,49508,40418,9090,481,85
U1530,33051,11782,21269,14536,131
U1531,78747,51550,27197,153,32
U1532,144692,126093,18599,7617,105
U1533,117142,83551,33591,1524,109
U1534,117235,60022,57213,2120,77
U1535,84021,54141,29880,15048,73
U1536,96412,48568,47844,2343,31
U1537,88335,66998,21337,5136,33
U1538,86179,41195,44984,1240,140
U1539,62093,37973,24120,60,140
U1540,99678,40826,58852,9130,39
U1541,110738,86222,24516,18023,94
U1542,69734,59469,10265,12312,89
U1543,102615,90752,11863,13350,75
U1544,103523,70697,32826,12418,120
U1545,135103,74331,60772,1252,130
U1546,124476,88335,36141,8363,144
U1547,132769,93587,39182,9650,39
U1548,47019,35623,11396,19933,43
U1549,141721,71227,70494,18706,56
U1550,113613,78952,34661,16314,73
U1551,121794,69703,52091,4090,122
U1552,116672,97544,19128,6960,57
U1553,103847,80951,22896,3004,23
U1554,112750,58491,54259,16713,76
U1555,109634,61344,48290,3640,39
U1556,58251,26740,31511,1341,36
U1557,133481,111819,21662,11855,138
U1558,142566,81331,61235,338,90
U1559,55945,30121,25824,5895,23
U1560,120852,86552,34300,12254,33
U1561,62217,23532,38685,19092,22
U1562,38308,18492,19816,11344,99
U1563,35949,18219,17730,1750,74
U1564,81990,29812,52178,2421,139
U1565,31150,21661,9489,7119,43
U1566,119480,42310,77170,5319,101
U1567,130235,54393,75842,15896,79
U1568,104740,64467,40273,11918,68
U1569,146352,75495,70857,13849,82
U1570,96617,62214,34403,4873,129
U1571,124841,90847,33994,4806,128
U1572,46896,26151,20745,8592,95
U1573,76175,40640,35535,12182,49
U1574,37805,24986,12819,19541,77
U1575,35237,22129,13108,16774,136
U1576,145247,79164,66083,12045,119
U1577,50056,32126,17930,4430,38
U1578,75543,39307,36236,8820,113
U1579,86556,56145,30411,4232,132
U1580,144548,81870,62678,11122,82
U1581,141488,122922,18566,15023,135
U1582,33343,27119,6224,8007,132
U1583,43500,25909,17591,17905,66
U1584,83222,52671,30551,9018,76
U1585,59375,26232,33143,1500,137
U1586,39662,35523,4139,6737,64
U1587,46964,24985,21979,3294,23
U1588,143429,113264,30165,18803,66
U1589,89638,71327,18311,19426,66
U1590,103666,75153,28513,4497,97
U1591,115067,71303,43764,17850,143
U1592,148937,83000,65937,19945,94
U1593,97215,34644,62571,614,122
U1594,99042,68314,30728,9374,109
U1595,43284,18791,24493,19607,88
U1596,102789,63977,38812,2667,80
U1597,114664,74196,40468,13409,69
U1598,123468,57335,66133,16514,22
U1599,91389,56806,34583,2983,126
U1600,39435,16697,22738,12651,132
U1601,84340,34884,49456,8230,113
U1602,74078,34638,39440,6640,137
U1603,108832,57687,51145,11779,100
U1604,81293,47245,34048,15317,128
U1605,125981,52292,73689,17304,70
U1606,108781,48790,59991,7564,54
U1607,90403,67832,22571,15520,65
U1608,59124,30904,28220,13737,88
U1609,125435,106971,18464,9323,112
U1610,73919,49231,24688,15229,83
U1611,138761,105312,33449,11713,68
U1612,65247,44378,20869,8502,93
U1613,124758,74977,49781,19625,24
U1614,121747,87853,33894,545,119
U1615,92752,68898,23854,4346,89
U1616,86573,58547,28026,9996,109
U1617,89101,53542,35559,15775,23
U1618,132756,101852,30904,13919,145
U1619,56646,28103,28543,3810,58
U1620,134185,74655,59530,7206,148
U1621,53049,30991,22058,9005,43
U1622,109605,57213,52392,16371,76
U1623,128116,67441,60675,12316,119
U1624,127379,62602,64777,18416,89
U1625,98385,42589,55796,8436,60
U1626,70158,28138,42020,12984,79
U1627,95417,48910,46507,271,127
U1628,53289,22660,30629,19895,76
U1629,140226,68789,71437,18155,50
U1630,130793,70309,60484,10616,103
U1631,39823,32539,7284,4361,55
U1632,90160,36522,53638,7069,127
U1633,71975,43944,28031,17304,125
U1634,39540,33861,5679,3430,105
U1635,46364,26922,19442,12676,33
U1636,34611,21248,13363,10816,139
U1637,57663,25904,31759,2050,99
U1638,81991,56109,25882,11692,125
U1639,87679,57923,29756,1165,89
U1640,134182,113695,20487,2033,63
U1641,60977,33638,27339,145,92
U1642,124704,111969,12735,14269,64
U1643,79115,51506,27609,7832,126
U1644,121007,83047,37960,14286,103
U1645,118223,61080,57143,2632,101
U1646,90890,57053,33837,4494,126
U1647,96387,35911,60476,15152,40
U1648,48071,36951,11120,9155,26
U1649,89275,72806,16469,10426,89
U1650,102369,63057,39312,10233,146
U1651,41938,35484,6454,1828,139
U1652,65195,43026,22169,12260,147
U1653,121680,71070,50610,9130,76
U1654,34000,21071,12929,4805,77
U1655,100588,70424,30164,806,40
U1656,131042,49560,81482,8202,101
U1657,123610,63321,60289,1868,88
U1658,133691,67104,66587,14561,106
U1659,136306,66856,69450,15512,68
U1660,127856,98270,29586,14899,134
U1661,68304,28862,39442,16220,108
U1662,141783,125355,16428,15934,104
U1663,99449,51883,47566,5429,147
U1664,112986,91859,21127,9076,136
U1665,119643,105686,13957,3564,146
U1666,50764,37159,13605,1389,90
U1667,138940,99942,38998,11593,105
U1668,116027,103841,12186,7274,52
U1669,68494,39389,29105,17208,100
U1670,33373,25868,7505,18649,80
U1671,42161,34839,7322,17320,80
U1672,127532,74597,52935,10745,117
U1673,122658,55532,67126,14199,47
U1674,130386,54891,75495,15876,62
U1675,57350,40656,16694,18180,105
U1676,123008,77733,45275,8245,36
U1677,124297,108292,16005,7214,117
U1678,55351,29965,25386,726,117
U1679,118668,106036,12632,19120,84
U1680,144585,85144,59441,13832,93
U1681,45305,35020,10285,11362,104
U1682,105353,49869,55484,18297,24
U1683,106797,93953,12844,10106,21
U1684,95953,36454,59499,7657,41
U1685,87458,76612,10846,18850,131
U1686,137112,97801,39311,14551,76
U1687,50358,40251,10107,7906,85
U1688,33267,22164,11103,7287,93
U1689,112745,100758,11987,892,117
U1690,119588,84853,34735,10222,131
U1691,68513,31791,36722,4675,144
U1692,56092,48708,7384,1933,105
U1693,41338,19025,22313,17764,95
U1694,30412,12823,17589,11873,107
U1695,37543,24170,13373,17674,57
U1696,135891,122162,13729,18024,78
U1697,63496,30498,32998,13239,118
U1698,90692,79599,11093,10874,82
U1699,119084,101698,17386,17602,68
U1700,122920,63722,59198,5016,51
U1701,74425,65512,8913,13774,40
U1702,68756,51858,16898,9752,39
U1703,48888,34108,14780,17338,146
U1704,65735,36876,28859,15585,87
U1705,77295,55205,22090,7291,129
U1706,147474,72569,74905,974,135
U1707,144352,82078,62274,4133,139
U1708,113042,56218,56824,14663,98
U1709,115999,85625,30374,3972,135
U1710,47955,19252,28703,5295,111
U1711,67841,38786,29055,13913,33
U1712,100640,61190,39450,9105,144
U1713,95510,81835,13675,8228,77
U1714,64911,36988,27923,9903,47
U1715,89031,62068,26963,3020,45
U1716,118726,57077,61649,8987,132
U1717,37357,27374,9983,12880,85
U1718,62479,41858,20621,5233,63
U1719,91476,42791,48685,9516,116
U1720,74811,38448,36363,14559,61
U1721,66208,42631,23577,16701,25
U1722,50150,34225,15925,2396,42
U1723,101180,62469,38711,18546,108
U1724,73286,32264,41022,19129,142
U1725,142856,57414,85442,1591,70
U1726,98450,57612,40838,11303,30
U1727,51352,34635,16717,6183,31
U1728,85069,73658,11411,1312,93
U1729,141888,66624,75264,7314,27
U1730,140448,86882,53566,18767,60
U1731,44397,19814,24583,19623,104
U1732,71555,62588,8967,2139,91
U1733,76959,59187,17772,14688,74
U1734,30728,14586,16142,18088,66
U1735,80517,53455,27062,6924,123
U1736,149180,132650,16530,362,61
U1737,96234,71894,24340,18988,79
U1738,69954,58631,11323,13481,31
U1739,77280,49966,27314,3738,149
U1740,109459,85004,24455,2469,26
U1741,46779,35912,10867,16106,99
U1742,93932,44456,49476,16940,128
U1743,102936,89486,13450,9017,22
U1744,54466,24697,29769,2808,46
U1745,66939,48345,18594,16370,133
U1746,99896,57281,42615,14870,126
U1747,65270,33023,32247,12713,59
U1748,89163,43458,45705,7561,148
U1749,112637,85321,27316,2719,27
U1750,81934,48169,33765,11700,120
U1751,94895,53679,41216,3741,143
U1752,62307,52013,10294,9766,126
U1753,84098,74909,9189,3998,120
U1754,90921,51446,39475,18787,23
U1755,35486,30653,4833,16077,129
U1756,38335,16166,22169,294,38
U1757,116900,54071,62829,10177,51
U1758,132795,69542,63253,9882,31
U1759,119112,67400,51712,1136,65
U1760,127203,74627,52576,2064,138
U1761,41130,30984,10146,7009,35
U1762,117508,64863,52645,12987,148
U1763,135955,54798,81157,4543,82
U1764,148324,79040,69284,1007,128
U1765,90566,36839,53727,5445,138
U1766,96703,62730,33973,10706,40
U1767,57192,44902,12290,14749,32
U1768,31062,13579,17483,11718,23
U1769,114076,58301,55775,9439,121
U1770,119780,57011,62769,13281,78
U1771,51545,42887,8658,1435,147
U1772,51689,29925,21764,571,46
U1773,41174,26688,14486,2382,88
U1774,118461,51475,66986,5084,44
U1775,133033,110986,22047,16661,116
U1776,39348,17044,22304,13507,44
U1777,53714,33166,20548,7059,145
U1778,68102,61141,6961,18271,28
U1779,104460,67442,37018,12771,135
U1780,132634,55133,77501,17649,79
U1781,119930,94849,25081,7491,140
U1782,36801,16431,20370,14527,127
U1783,133150,58899,74251,17424,127
U1784,102267,79526,22741,14859,95
U1785,78136,54475,23661,8073,49
U1786,53625,21600,32025,9077,40
U1787,112873,67988,44885,19136,53
U1788,130843,78715,52128,11383,60
U1789,102592,90813,11779,16378,70
U1790,107052,48624,58428,2353,101
U1791,74261,37099,37162,4799,77
U1792,31542,13839,17703,17070,94
U1793,51677,23396,28281,11939,42
U1794,76732,29466,47266,2428,147
U1795,80343,40187,40156,11296,36
U1796,69081,58050,11031,7813,88
U1797,92856,43227,49629,14414,127
U1798,123105,63669,59436,11801,113
U1799,118858,61838,57020,11745,34
U1800,49065,24435,24630,13025,110
U1801,113460,100549,12911,3356,52
U1802,118092,43246,74846,14288,144
U1803,84693,53391,31302,6540,35
U1804,56962,39392,17570,16422,85
U1805,58295,45985,12310,3342,66
U1806,43807,15738,28069,9078,143
U1807,72348,39010,33338,2844,20
U1808,56432,19917,36515,10396,106
U1809,113285,72925,40360,17482,147
U1810,136995,67821,69174,18207,86
U1811,121792,55677,66115,13998,23
U1812,87854,31428,56426,13261,66
U1813,70262,43499,26763,19539,57
U1814,67080,41982,25098,3093,40
U1815,31324,15320,16004,11722,76
U1816,121267,84734,36533,19280,136
U1817,65909,58128,7781,11645,65
U1818,119339,43306,76033,15083,58
U1819,49870,20862,29008,988,118
U1820,64578,48277,16301,6446,96
U1821,102124,54030,48094,16335,134
U1822,147611,51837,95774,16133,110
U1823,133605,81759,51846,1682,117
U1824,56790,24163,32627,5626,139
U1825,148874,105417,43457,7424,65
U1826,55289,31463,23826,12857,57
U1827,85129,69669,15460,12155,119
U1828,123714,88113,35601,17317,91
U1829,124246,94205,30041,19982,54
U1830,45485,17070,28415,11425,49
U1831,74482,33687,40795,1980,97
U1832,116188,46698,69490,15522,103
U1833,34748,20721,14027,19440,132
U1834,116769,45815,70954,8984,44
U1835,39435,15709,23726,17175,107
U1836,33709,15288,18421,15883,33
U1837,60355,40043,20312,5390,121
U1838,85771,34192,51579,18639,102
U1839,87799,74562,13237,19994,129
U1840,43116,32767,10349,1607,38
U1841,55470,24183,31287,6573,47
U1842,72344,62884,9460,17368,90
U1843,72918,39732,33186,5776,82
U1844,82224,52033,30191,3676,92
U1845,69298,52216,17082,3380,143
U1846,138492,119005,19487,8711,138
U1847,110219,94760,15459,8782,140
U1848,91629,49446,42183,17434,38
U1849,96040,74494,21546,13997,139
U1850,129518,55909,73609,6342,80
U1851,129835,64066,65769,17343,49
U1852,58016,38165,19851,6059,28
U1853,53960,25312,28648,8884,83
U1854,63591,22645,40946,5655,139
U1855,112848,73263,39585,12091,71
U1856,133333,114057,19276,19330,108
U1857,141732,63400,78332,15251,72
U1858,144821,108689,36132,526,97
U1859,97641,69705,27936,3224,60
U1860,66395,28224,38171,15069,87
U1861,141276,81744,59532,11536,27
U1862,52700,19926,32774,13547,21
U1863,64620,26348,38272,18259,124
U1864,133214,63459,69755,1763,144
U1865,50559,44746,5813,8712,129
U1866,123045,70863,52182,5797,105
U1867,123396,108075,15321,9208,139
U1868,91642,51551,40091,5109,146
U1869,106539,54554,51985,16500,35
U1870,51732,38898,12834,2433,81
U1871,121362,86002,35360,16967,132
U1872,60354,33012,27342,4167,31
U1873,43843,26599,17244,17773,54
U1874,140008,60444,79564,8357,30
U1875,144065,96711,47354,6154,83
U1876,101726,89351,12375,8920,69
U1877,47640,21233,26407,18427,88
U1878,82528,45083,37445,19880,67
U1879,68413,31235,37178,17162,39
U1880,82638,69851,12787,213,120
U1881,82736,29069,53667,3762,87
U1882,137892,67843,70049,13399,54
U1883,140133,108768,31365,9768,84
U1884,136357,64247,72110,10640,27
U1885,98866,36027,62839,6731,64
U1886,49087,36513,12574,19501,106
U1887,71430,44552,26878,5791,95
U1888,54504,44168,10336,15822,95
U1889,37114,23797,13317,8783,66
U1890,108859,76911,31948,13621,34
U1891,129657,68999,60658,16019,124
U1892,40975,20602,20373,2720,45
U1893,41023,15245,25778,8905,71
U1894,51447,37494,13953,9127,112
U1895,120469,68213,52256,16385,40
U1896,53959,31138,22821,6368,70
U1897,96203,52661,43542,14056,57
U1898,149156,60050,89106,12236,39
U1899,59703,45923,13780,18333,74
U1900,39337,20199,19138,14451,111
U1901,76427,30514,45913,17301,47
U1902,91529,47985,43544,19558,23
U1903,132023,91478,40545,10433,95
U1904,114665,49873,64792,15525,86
U1905,135787,70456,65331,89,105
U1906,61921,45252,16669,18093,110
U1907,63307,37323,25984,10361,124
U1908,57355,39219,18136,16369,20
U1909,133268,72634,60634,3041,91
U1910,34835,17980,16855,105,106
U1911,50159,17756,32403,9078,25
U1912,134346,102333,32013,18279,80
U1913,77605,37722,39883,6090,31
U1914,135616,64366,71250,6082,25
U1915,68088,53850,14238,17018,46
U1916,108752,63980,44772,1925,143
U1917,85284,31837,53447,18440,125
U1918,87043,74970,12073,6917,112
U1919,65547,37197,28350,19528,128
U1920,127007,72682,54325,552,118
U1921,112844,79425,33419,3911,54
U1922,57532,47146,10386,3389,103
U1923,64349,45147,19202,13629,75
U1924,148012,83892,64120,2430,68
U1925,75445,40519,34926,458,65
U1926,35713,20898,14815,13395,132
U1927,86178,68563,17615,207,62
U1928,79407,33547,45860,899,143
U1929,100340,45944,54396,11653,116
U1930,80990,51039,29951,16405,109
U1931,105672,41102,64570,8601,58
U1932,95545,58169,37376,894,104
U1933,114791,72358,42433,514,81
U1934,88141,59739,28402,4109,125
U1935,53793,48167,5626,13258,126
U1936,86570,31817,54753,15313,73
U1937,125084,74728,50356,15349,145
U1938,67892,46309,21583,7179,28
U1939,31015,27201,3814,10326,107
U1940,91813,34734,57079,11787,56
U1941,57712,33436,24276,1560,68
U1942,130497,110292,20205,13612,60
U1943,38415,16999,21416,17650,36
U1944,141854,76638,65216,19811,107
U1945,142816,66178,76638,4780,40
U1946,92292,62411,29881,18311,70
U1947,53833,38074,15759,11894,78
U1948,34158,27208,6950,2356,60
U1949,92680,48631,44049,4790,58
U1950,50309,19350,30959,16690,30
U1951,36970,14245,22725,10181,96
U1952,102474,39714,62760,7057,146
U1953,116704,53206,63498,16082,65
U1954,76540,56020,20520,661,64
U1955,50384,30666,19718,4644,20
U1956,48017,21000,27017,15711,127
U1957,105880,91388,14492,2920,38
U1958,135570,99156,36414,16002,95
U1959,38702,32234,6468,14025,91
U1960,30384,18253,12131,8946,128
U1961,30404,19921,10483,12732,31
U1962,70943,27472,43471,6236,64
U1963,77926,69411,8515,16309,109
U1964,59189,35012,24177,13518,122
U1965,42763,37760,5003,352,27
U1966,48384,32372,16012,7005,110
U1967,90100,79976,10124,14036,106
U1968,128142,47843,80299,16542,103
U1969,39860,29177,10683,956,101
U1970,134293,48815,85478,2071,87
U1971,110642,66215,44427,8595,146
U1972,80612,47059,33553,15140,101
U1973,53574,39254,14320,12803,103
U1974,53524,41241,12283,3453,132
U1975,99172,75953,23219,6675,95
U1976,40916,18716,22200,955,141
U1977,34809,21466,13343,6295,60
U1978,62201,35088,27113,15921,21
U1979,83330,46365,36965,18096,48
U1980,43456,38897,4559,15282,124
U1981,143748,115929,27819,4703,70
U1982,86397,32158,54239,6563,94
U1983,68765,35750,33015,12003,29
U1984,64816,34021,30795,10817,70
U1985,75106,41883,33223,11171,137
U1986,83932,31469,52463,12582,140
U1987,47100,29390,17710,12201,58
U1988,87091,54832,32259,17778,47
U1989,51949,26549,25400,12473,22
U1990,100080,40313,59767,9461,103
U1991,67744,40463,27281,15596,136
U1992,75543,44925,30618,529,21
U1993,138319,68285,70034,19342,112
U1994,122193,93698,28495,19975,113
U1995,66187,30839,35348,12765,59
U1996,142734,100472,42262,13910,21
U1997,37239,16709,20530,11561,100
U1998,44489,17997,26492,9131,31
U1999,144937,119225,25712,525,84
